[
{
  "model": "admin.logentry",
  "pk": 1,
  "fields": {
    "action_time": "2025-06-27T17:36:25.916Z",
    "user": 1,
    "content_type": 18,
    "object_id": "5",
    "object_repr": "svg",
    "action_flag": 1,
    "change_message": "[{\"added\": {}}]"
  }
},
{
  "model": "admin.logentry",
  "pk": 2,
  "fields": {
    "action_time": "2025-06-27T17:41:28.305Z",
    "user": 1,
    "content_type": 18,
    "object_id": "5",
    "object_repr": "svg",
    "action_flag": 3,
    "change_message": ""
  }
},
{
  "model": "admin.logentry",
  "pk": 3,
  "fields": {
    "action_time": "2025-06-27T17:41:50.697Z",
    "user": 1,
    "content_type": 18,
    "object_id": "6",
    "object_repr": "svg",
    "action_flag": 1,
    "change_message": "[{\"added\": {}}]"
  }
},
{
  "model": "admin.logentry",
  "pk": 4,
  "fields": {
    "action_time": "2025-07-01T11:27:19.682Z",
    "user": 1,
    "content_type": 12,
    "object_id": "16",
    "object_repr": "Анапская звездочка (Реабилитационный центр) [ID: 16]",
    "action_flag": 1,
    "change_message": "[{\"added\": {}}]"
  }
},
{
  "model": "admin.logentry",
  "pk": 5,
  "fields": {
    "action_time": "2025-07-01T12:56:22.758Z",
    "user": 1,
    "content_type": 12,
    "object_id": "16",
    "object_repr": "Анапская звездочка (Реабилитационный центр) [ID: 16]",
    "action_flag": 2,
    "change_message": "[{\"changed\": {\"fields\": [\"\\u041e\\u043f\\u0438\\u0441\\u0430\\u043d\\u0438\\u0435\"]}}]"
  }
},
{
  "model": "admin.logentry",
  "pk": 6,
  "fields": {
    "action_time": "2025-07-03T13:12:03.799Z",
    "user": 1,
    "content_type": 30,
    "object_id": "3",
    "object_repr": "Заявка #3 - Анонимный пользователь - Консультация (Комиссия получена)",
    "action_flag": 2,
    "change_message": "[{\"changed\": {\"fields\": [\"\\u0421\\u0442\\u0430\\u0442\\u0443\\u0441\", \"\\u041f\\u0440\\u0438\\u043e\\u0440\\u0438\\u0442\\u0435\\u0442\"]}}]"
  }
},
{
  "model": "admin.logentry",
  "pk": 7,
  "fields": {
    "action_time": "2025-07-07T10:54:16.146Z",
    "user": 1,
    "content_type": 11,
    "object_id": "1",
    "object_repr": "Медицинский центр 'Здоровье' (Клиника) [ID: 1]",
    "action_flag": 2,
    "change_message": "[{\"changed\": {\"fields\": [\"\\u041e\\u043f\\u0438\\u0441\\u0430\\u043d\\u0438\\u0435\"]}}]"
  }
},
{
  "model": "admin.logentry",
  "pk": 8,
  "fields": {
    "action_time": "2025-07-07T13:25:28.038Z",
    "user": 1,
    "content_type": 11,
    "object_id": "1",
    "object_repr": "Медицинский центр 'Здоровье' (Клиника) [ID: 1]",
    "action_flag": 2,
    "change_message": "[{\"added\": {\"name\": \"\\u0421\\u043f\\u0435\\u0446\\u0438\\u0430\\u043b\\u0438\\u0441\\u0442 \\u0443\\u0447\\u0440\\u0435\\u0436\\u0434\\u0435\\u043d\\u0438\\u044f\", \"object\": \"\\u0439\\u0430\\u043a\\u0439\\u0446 \\u041f\\u0440\\u0432\\u043e\"}}]"
  }
},
{
  "model": "admin.logentry",
  "pk": 9,
  "fields": {
    "action_time": "2025-07-07T13:28:45.264Z",
    "user": 1,
    "content_type": 17,
    "object_id": "1",
    "object_repr": "йакйц Прво",
    "action_flag": 2,
    "change_message": "[{\"changed\": {\"fields\": [\"\\u041e\\u0431\\u0440\\u0430\\u0437\\u043e\\u0432\\u0430\\u043d\\u0438\\u0435\"]}}]"
  }
},
{
  "model": "admin.logentry",
  "pk": 10,
  "fields": {
    "action_time": "2025-07-07T14:36:11.725Z",
    "user": 1,
    "content_type": 42,
    "object_id": "2",
    "object_repr": "Отзыв от Ибгагим о facilities.RehabCenter.None",
    "action_flag": 1,
    "change_message": "[{\"added\": {}}]"
  }
},
{
  "model": "admin.logentry",
  "pk": 11,
  "fields": {
    "action_time": "2025-07-07T14:36:34.884Z",
    "user": 1,
    "content_type": 42,
    "object_id": "3",
    "object_repr": "Отзыв от Ибгагим о facilities.RehabCenter.None",
    "action_flag": 1,
    "change_message": "[{\"added\": {}}]"
  }
},
{
  "model": "admin.logentry",
  "pk": 12,
  "fields": {
    "action_time": "2025-07-08T13:36:36.511Z",
    "user": 1,
    "content_type": 11,
    "object_id": "1",
    "object_repr": "Медицинский центр 'Здоровье' (Клиника) [ID: 1]",
    "action_flag": 2,
    "change_message": "[{\"added\": {\"name\": \"\\u0414\\u043e\\u043a\\u0443\\u043c\\u0435\\u043d\\u0442 \\u0443\\u0447\\u0440\\u0435\\u0436\\u0434\\u0435\\u043d\\u0438\\u044f\", \"object\": \"\\u041c\\u0435\\u0434\\u0438\\u0446\\u0438\\u043d\\u0441\\u043a\\u0438\\u0439 \\u0446\\u0435\\u043d\\u0442\\u0440 '\\u0417\\u0434\\u043e\\u0440\\u043e\\u0432\\u044c\\u0435' (\\u041a\\u043b\\u0438\\u043d\\u0438\\u043a\\u0430) [ID: 1] - \\u041b\\u0438\\u0446\\u0435\\u043d\\u0437\\u0438\\u044f\"}}, {\"added\": {\"name\": \"\\u0414\\u043e\\u043a\\u0443\\u043c\\u0435\\u043d\\u0442 \\u0443\\u0447\\u0440\\u0435\\u0436\\u0434\\u0435\\u043d\\u0438\\u044f\", \"object\": \"\\u041c\\u0435\\u0434\\u0438\\u0446\\u0438\\u043d\\u0441\\u043a\\u0438\\u0439 \\u0446\\u0435\\u043d\\u0442\\u0440 '\\u0417\\u0434\\u043e\\u0440\\u043e\\u0432\\u044c\\u0435' (\\u041a\\u043b\\u0438\\u043d\\u0438\\u043a\\u0430) [ID: 1] - \\u0421\\u0435\\u0440\\u0442\\u0438\\u0444\\u0438\\u043a\\u0430\\u0442\"}}]"
  }
},
{
  "model": "admin.logentry",
  "pk": 13,
  "fields": {
    "action_time": "2025-07-08T14:01:08.066Z",
    "user": 1,
    "content_type": 12,
    "object_id": "17",
    "object_repr": "реабилитация рврвролылрорвоылолорв (Реабилитационный центр) [ID: 17]",
    "action_flag": 1,
    "change_message": "[{\"added\": {}}]"
  }
},
{
  "model": "admin.logentry",
  "pk": 14,
  "fields": {
    "action_time": "2025-07-08T14:06:38.776Z",
    "user": 1,
    "content_type": 12,
    "object_id": "16",
    "object_repr": "Анапская звездочка (Реабилитационный центр) [ID: 16]",
    "action_flag": 2,
    "change_message": "[{\"added\": {\"name\": \"\\u0421\\u043f\\u0435\\u0446\\u0438\\u0430\\u043b\\u0438\\u0441\\u0442 \\u0443\\u0447\\u0440\\u0435\\u0436\\u0434\\u0435\\u043d\\u0438\\u044f\", \"object\": \"\\u0432\\u0446\\u0439\\u0432 \\u04393\\u043a3\\u043a\"}}]"
  }
},
{
  "model": "admin.logentry",
  "pk": 15,
  "fields": {
    "action_time": "2025-07-08T14:23:45.479Z",
    "user": 1,
    "content_type": 12,
    "object_id": "16",
    "object_repr": "Анапская звездочка (Реабилитационный центр) [ID: 16]",
    "action_flag": 2,
    "change_message": "[{\"added\": {\"name\": \"\\u0421\\u043f\\u0435\\u0446\\u0438\\u0430\\u043b\\u0438\\u0441\\u0442 \\u0443\\u0447\\u0440\\u0435\\u0436\\u0434\\u0435\\u043d\\u0438\\u044f\", \"object\": \"ddsfdf dsfdsdf\"}}]"
  }
},
{
  "model": "admin.logentry",
  "pk": 16,
  "fields": {
    "action_time": "2025-07-12T13:45:07.035Z",
    "user": 1,
    "content_type": 55,
    "object_id": "1",
    "object_repr": "Гордиенко Сергей",
    "action_flag": 1,
    "change_message": "[{\"added\": {}}]"
  }
},
{
  "model": "admin.logentry",
  "pk": 17,
  "fields": {
    "action_time": "2025-07-12T21:52:31.113Z",
    "user": 1,
    "content_type": 55,
    "object_id": "1",
    "object_repr": "Гордиенко Сергей (Частный врач)",
    "action_flag": 2,
    "change_message": "[{\"added\": {\"name\": \"\\u0418\\u0437\\u043e\\u0431\\u0440\\u0430\\u0436\\u0435\\u043d\\u0438\\u0435 \\u0443\\u0447\\u0440\\u0435\\u0436\\u0434\\u0435\\u043d\\u0438\\u044f\", \"object\": \"\\u0433\\u043b\\u0430\\u0432\\u043d\\u043e\\u0435 \\u0438\\u0444\\u043e\\u0442\\u043e (main)\"}}]"
  }
},
{
  "model": "admin.logentry",
  "pk": 18,
  "fields": {
    "action_time": "2025-07-14T11:55:52.394Z",
    "user": 1,
    "content_type": 12,
    "object_id": "16",
    "object_repr": "Анапская звездочка (Реабилитационный центр) [ID: 16]",
    "action_flag": 2,
    "change_message": "[{\"changed\": {\"fields\": [\"\\u041c\\u0438\\u043d\\u0438\\u043c\\u0430\\u043b\\u044c\\u043d\\u0430\\u044f \\u0446\\u0435\\u043d\\u0430\"]}}]"
  }
},
{
  "model": "admin.logentry",
  "pk": 19,
  "fields": {
    "action_time": "2025-07-14T12:16:43.703Z",
    "user": 1,
    "content_type": 12,
    "object_id": "15",
    "object_repr": "Реабилитационный центр 'Эксперт' (Реабилитационный центр) [ID: 15]",
    "action_flag": 2,
    "change_message": "[{\"changed\": {\"fields\": [\"\\u041c\\u0438\\u043d\\u0438\\u043c\\u0430\\u043b\\u044c\\u043d\\u0430\\u044f \\u0446\\u0435\\u043d\\u0430\"]}}]"
  }
},
{
  "model": "admin.logentry",
  "pk": 20,
  "fields": {
    "action_time": "2025-07-14T13:15:19.177Z",
    "user": 1,
    "content_type": 55,
    "object_id": "1",
    "object_repr": "Гордиенко Сергей (Частный врач)",
    "action_flag": 2,
    "change_message": "[{\"changed\": {\"fields\": [\"\\u041d\\u043e\\u043c\\u0435\\u0440 \\u043b\\u0438\\u0446\\u0435\\u043d\\u0437\\u0438\\u0438\"]}}, {\"added\": {\"name\": \"\\u0414\\u043e\\u043a\\u0443\\u043c\\u0435\\u043d\\u0442 \\u0443\\u0447\\u0440\\u0435\\u0436\\u0434\\u0435\\u043d\\u0438\\u044f\", \"object\": \"\\u0413\\u043e\\u0440\\u0434\\u0438\\u0435\\u043d\\u043a\\u043e \\u0421\\u0435\\u0440\\u0433\\u0435\\u0439 (\\u0427\\u0430\\u0441\\u0442\\u043d\\u044b\\u0439 \\u0432\\u0440\\u0430\\u0447) - \\u041b\\u0438\\u0446\\u0435\\u043d\\u0437\\u0438\\u044f\"}}]"
  }
},
{
  "model": "admin.logentry",
  "pk": 21,
  "fields": {
    "action_time": "2025-07-16T11:17:31.738Z",
    "user": 1,
    "content_type": 30,
    "object_id": "6",
    "object_repr": "Заявка #6 - Анонимный пользователь - Консультация (Новая)",
    "action_flag": 2,
    "change_message": "[{\"changed\": {\"fields\": [\"\\u0422\\u0438\\u043f \\u043e\\u0440\\u0433\\u0430\\u043d\\u0438\\u0437\\u0430\\u0446\\u0438\\u0438\"]}}]"
  }
},
{
  "model": "admin.logentry",
  "pk": 22,
  "fields": {
    "action_time": "2025-07-16T11:17:48.479Z",
    "user": 1,
    "content_type": 30,
    "object_id": "6",
    "object_repr": "Заявка #6 - Анонимный пользователь - Консультация (Новая)",
    "action_flag": 2,
    "change_message": "[{\"changed\": {\"fields\": [\"\\u0412\\u044b\\u0431\\u0440\\u0430\\u043d\\u043d\\u0430\\u044f \\u043e\\u0440\\u0433\\u0430\\u043d\\u0438\\u0437\\u0430\\u0446\\u0438\\u044f\"]}}]"
  }
},
{
  "model": "admin.logentry",
  "pk": 23,
  "fields": {
    "action_time": "2025-07-16T11:18:11.184Z",
    "user": 1,
    "content_type": 30,
    "object_id": "6",
    "object_repr": "Заявка #6 - Анонимный пользователь - Консультация (Новая)",
    "action_flag": 2,
    "change_message": "[{\"changed\": {\"fields\": [\"\\u0412\\u044b\\u0431\\u0440\\u0430\\u043d\\u043d\\u0430\\u044f \\u043e\\u0440\\u0433\\u0430\\u043d\\u0438\\u0437\\u0430\\u0446\\u0438\\u044f\"]}}]"
  }
},
{
  "model": "admin.logentry",
  "pk": 24,
  "fields": {
    "action_time": "2025-07-16T11:20:05.977Z",
    "user": 1,
    "content_type": 30,
    "object_id": "6",
    "object_repr": "Заявка #6 - Анонимный пользователь - Консультация (Новая)",
    "action_flag": 2,
    "change_message": "[{\"changed\": {\"fields\": [\"\\u0412\\u044b\\u0431\\u0440\\u0430\\u043d\\u043d\\u0430\\u044f \\u043e\\u0440\\u0433\\u0430\\u043d\\u0438\\u0437\\u0430\\u0446\\u0438\\u044f\"]}}]"
  }
},
{
  "model": "admin.logentry",
  "pk": 25,
  "fields": {
    "action_time": "2025-07-16T11:23:04.092Z",
    "user": 1,
    "content_type": 31,
    "object_id": "1",
    "object_repr": "Анонимная заявка #1",
    "action_flag": 1,
    "change_message": "[{\"added\": {}}]"
  }
},
{
  "model": "admin.logentry",
  "pk": 26,
  "fields": {
    "action_time": "2025-07-16T11:29:12.297Z",
    "user": 1,
    "content_type": 30,
    "object_id": "6",
    "object_repr": "Заявка #6 - Анонимный пользователь - Консультация (В обработке)",
    "action_flag": 2,
    "change_message": "[{\"changed\": {\"fields\": [\"\\u0421\\u0442\\u0430\\u0442\\u0443\\u0441\"]}}]"
  }
},
{
  "model": "admin.logentry",
  "pk": 27,
  "fields": {
    "action_time": "2025-07-16T11:31:17.649Z",
    "user": 1,
    "content_type": 31,
    "object_id": "1",
    "object_repr": "Анонимная заявка #1",
    "action_flag": 2,
    "change_message": "[{\"changed\": {\"fields\": [\"\\u0421\\u0442\\u0430\\u0442\\u0443\\u0441\"]}}]"
  }
},
{
  "model": "admin.logentry",
  "pk": 28,
  "fields": {
    "action_time": "2025-07-16T11:35:23.478Z",
    "user": 1,
    "content_type": 31,
    "object_id": "1",
    "object_repr": "Анонимная заявка #1",
    "action_flag": 2,
    "change_message": "[{\"changed\": {\"fields\": [\"\\u0421\\u0442\\u0430\\u0442\\u0443\\u0441\"]}}]"
  }
},
{
  "model": "admin.logentry",
  "pk": 29,
  "fields": {
    "action_time": "2025-07-16T11:37:43.594Z",
    "user": 1,
    "content_type": 31,
    "object_id": "1",
    "object_repr": "Анонимная заявка #1",
    "action_flag": 2,
    "change_message": "[{\"changed\": {\"fields\": [\"\\u0421\\u0442\\u0430\\u0442\\u0443\\u0441\", \"\\u0412\\u044b\\u0431\\u0440\\u0430\\u043d\\u043d\\u0430\\u044f \\u043e\\u0440\\u0433\\u0430\\u043d\\u0438\\u0437\\u0430\\u0446\\u0438\\u044f\"]}}]"
  }
},
{
  "model": "admin.logentry",
  "pk": 30,
  "fields": {
    "action_time": "2025-07-16T11:40:08.671Z",
    "user": 1,
    "content_type": 31,
    "object_id": "1",
    "object_repr": "Анонимная заявка #1",
    "action_flag": 2,
    "change_message": "[{\"changed\": {\"fields\": [\"\\u0421\\u0442\\u0430\\u0442\\u0443\\u0441\", \"\\u0412\\u044b\\u0431\\u0440\\u0430\\u043d\\u043d\\u0430\\u044f \\u043e\\u0440\\u0433\\u0430\\u043d\\u0438\\u0437\\u0430\\u0446\\u0438\\u044f\"]}}]"
  }
},
{
  "model": "admin.logentry",
  "pk": 31,
  "fields": {
    "action_time": "2025-07-16T11:42:08.385Z",
    "user": 1,
    "content_type": 31,
    "object_id": "1",
    "object_repr": "Анонимная заявка #1",
    "action_flag": 2,
    "change_message": "[{\"changed\": {\"fields\": [\"\\u0421\\u0442\\u0430\\u0442\\u0443\\u0441\", \"\\u0412\\u044b\\u0431\\u0440\\u0430\\u043d\\u043d\\u0430\\u044f \\u043e\\u0440\\u0433\\u0430\\u043d\\u0438\\u0437\\u0430\\u0446\\u0438\\u044f\"]}}]"
  }
},
{
  "model": "admin.logentry",
  "pk": 32,
  "fields": {
    "action_time": "2025-07-16T11:43:58.053Z",
    "user": 1,
    "content_type": 31,
    "object_id": "1",
    "object_repr": "Анонимная заявка #1",
    "action_flag": 2,
    "change_message": "[{\"changed\": {\"fields\": [\"\\u0422\\u0435\\u043b\\u0435\\u0444\\u043e\\u043d \\u043a\\u043e\\u043d\\u0442\\u0430\\u043a\\u0442\\u043d\\u043e\\u0433\\u043e \\u043b\\u0438\\u0446\\u0430\", \"\\u0422\\u0438\\u043f \\u043e\\u0440\\u0433\\u0430\\u043d\\u0438\\u0437\\u0430\\u0446\\u0438\\u0438\"]}}]"
  }
},
{
  "model": "admin.logentry",
  "pk": 33,
  "fields": {
    "action_time": "2025-07-16T11:44:18.253Z",
    "user": 1,
    "content_type": 31,
    "object_id": "1",
    "object_repr": "Анонимная заявка #1",
    "action_flag": 2,
    "change_message": "[{\"changed\": {\"fields\": [\"\\u0421\\u0442\\u0430\\u0442\\u0443\\u0441\", \"\\u0412\\u044b\\u0431\\u0440\\u0430\\u043d\\u043d\\u0430\\u044f \\u043e\\u0440\\u0433\\u0430\\u043d\\u0438\\u0437\\u0430\\u0446\\u0438\\u044f\"]}}]"
  }
},
{
  "model": "admin.logentry",
  "pk": 34,
  "fields": {
    "action_time": "2025-07-16T14:25:54.035Z",
    "user": 1,
    "content_type": 38,
    "object_id": "1",
    "object_repr": "алкоголизм",
    "action_flag": 1,
    "change_message": "[{\"added\": {}}]"
  }
},
{
  "model": "admin.logentry",
  "pk": 35,
  "fields": {
    "action_time": "2025-07-16T15:28:27.407Z",
    "user": 1,
    "content_type": 38,
    "object_id": "2",
    "object_repr": "Лечение алкоголизма",
    "action_flag": 1,
    "change_message": "[{\"added\": {}}]"
  }
},
{
  "model": "admin.logentry",
  "pk": 36,
  "fields": {
    "action_time": "2025-07-16T15:28:43.482Z",
    "user": 1,
    "content_type": 38,
    "object_id": "2",
    "object_repr": "Лечение алкоголизма",
    "action_flag": 2,
    "change_message": "[{\"changed\": {\"fields\": [\"\\u041e\\u043f\\u0438\\u0441\\u0430\\u043d\\u0438\\u0435\"]}}]"
  }
},
{
  "model": "admin.logentry",
  "pk": 37,
  "fields": {
    "action_time": "2025-07-16T15:30:11.690Z",
    "user": 1,
    "content_type": 37,
    "object_id": "1",
    "object_repr": "интоксикация",
    "action_flag": 1,
    "change_message": "[{\"added\": {}}]"
  }
},
{
  "model": "admin.logentry",
  "pk": 38,
  "fields": {
    "action_time": "2025-07-16T15:34:12.468Z",
    "user": 1,
    "content_type": 38,
    "object_id": "3",
    "object_repr": "Лечение наркомании",
    "action_flag": 1,
    "change_message": "[{\"added\": {}}]"
  }
},
{
  "model": "admin.logentry",
  "pk": 39,
  "fields": {
    "action_time": "2025-07-16T15:34:42.093Z",
    "user": 1,
    "content_type": 38,
    "object_id": "4",
    "object_repr": "Другие услуги",
    "action_flag": 1,
    "change_message": "[{\"added\": {}}]"
  }
},
{
  "model": "admin.logentry",
  "pk": 40,
  "fields": {
    "action_time": "2025-07-16T15:35:19.688Z",
    "user": 1,
    "content_type": 37,
    "object_id": "2",
    "object_repr": "кодирование",
    "action_flag": 1,
    "change_message": "[{\"added\": {}}]"
  }
},
{
  "model": "admin.logentry",
  "pk": 41,
  "fields": {
    "action_time": "2025-07-16T15:47:17.656Z",
    "user": 1,
    "content_type": 24,
    "object_id": "1",
    "object_repr": "алкоголики истории",
    "action_flag": 1,
    "change_message": "[{\"added\": {}}]"
  }
},
{
  "model": "admin.logentry",
  "pk": 42,
  "fields": {
    "action_time": "2025-07-16T15:48:02.860Z",
    "user": 1,
    "content_type": 22,
    "object_id": "1",
    "object_repr": "Алкоголизм",
    "action_flag": 1,
    "change_message": "[{\"added\": {}}]"
  }
},
{
  "model": "admin.logentry",
  "pk": 43,
  "fields": {
    "action_time": "2025-07-16T15:48:50.080Z",
    "user": 1,
    "content_type": 25,
    "object_id": "1",
    "object_repr": "пить плохо",
    "action_flag": 1,
    "change_message": "[{\"added\": {}}, {\"added\": {\"name\": \"\\u0422\\u0435\\u0433 \\u043f\\u043e\\u0441\\u0442\\u0430\", \"object\": \"\\u043f\\u0438\\u0442\\u044c \\u043f\\u043b\\u043e\\u0445\\u043e - \\u0410\\u043b\\u043a\\u043e\\u0433\\u043e\\u043b\\u0438\\u0437\\u043c\"}}]"
  }
},
{
  "model": "admin.logentry",
  "pk": 44,
  "fields": {
    "action_time": "2025-07-16T15:49:00.257Z",
    "user": 1,
    "content_type": 25,
    "object_id": "1",
    "object_repr": "пить плохо",
    "action_flag": 2,
    "change_message": "[{\"changed\": {\"fields\": [\"\\u041e\\u043f\\u0443\\u0431\\u043b\\u0438\\u043a\\u043e\\u0432\\u0430\\u043d\\u043e\"]}}]"
  }
},
{
  "model": "admin.logentry",
  "pk": 45,
  "fields": {
    "action_time": "2025-07-16T17:48:02.266Z",
    "user": 1,
    "content_type": 25,
    "object_id": "1",
    "object_repr": "пить плохо",
    "action_flag": 2,
    "change_message": "[{\"changed\": {\"fields\": [\"\\u041d\\u0430 \\u0433\\u043b\\u0430\\u0432\\u043d\\u043e\\u0439 \\u0441\\u0442\\u0440\\u0430\\u043d\\u0438\\u0446\\u0435\"]}}]"
  }
},
{
  "model": "admin.logentry",
  "pk": 46,
  "fields": {
    "action_time": "2025-07-17T13:23:01.794Z",
    "user": 1,
    "content_type": 38,
    "object_id": "1",
    "object_repr": "алкоголизм",
    "action_flag": 3,
    "change_message": ""
  }
},
{
  "model": "admin.logentry",
  "pk": 47,
  "fields": {
    "action_time": "2025-07-17T13:24:37.738Z",
    "user": 1,
    "content_type": 37,
    "object_id": "1",
    "object_repr": "интоксикация",
    "action_flag": 3,
    "change_message": ""
  }
},
{
  "model": "admin.logentry",
  "pk": 48,
  "fields": {
    "action_time": "2025-07-17T13:24:37.738Z",
    "user": 1,
    "content_type": 37,
    "object_id": "2",
    "object_repr": "кодирование",
    "action_flag": 3,
    "change_message": ""
  }
},
{
  "model": "admin.logentry",
  "pk": 49,
  "fields": {
    "action_time": "2025-07-17T13:37:34.176Z",
    "user": 1,
    "content_type": 37,
    "object_id": "3",
    "object_repr": "реабилитация",
    "action_flag": 1,
    "change_message": "[{\"added\": {}}]"
  }
},
{
  "model": "admin.logentry",
  "pk": 50,
  "fields": {
    "action_time": "2025-07-17T13:38:11.859Z",
    "user": 1,
    "content_type": 41,
    "object_id": "1",
    "object_repr": "Клиника 'Семейная' (Клиника) [ID: 4] - реабилитация",
    "action_flag": 1,
    "change_message": "[{\"added\": {}}]"
  }
},
{
  "model": "admin.logentry",
  "pk": 51,
  "fields": {
    "action_time": "2025-07-17T16:38:53.473Z",
    "user": 1,
    "content_type": 37,
    "object_id": "3",
    "object_repr": "реабилитация",
    "action_flag": 2,
    "change_message": "[{\"changed\": {\"fields\": [\"\\u041a\\u0430\\u0442\\u0435\\u0433\\u043e\\u0440\\u0438\\u0438\"]}}]"
  }
},
{
  "model": "admin.logentry",
  "pk": 52,
  "fields": {
    "action_time": "2025-07-17T17:36:48.329Z",
    "user": 1,
    "content_type": 37,
    "object_id": "4",
    "object_repr": "лечим электрическим",
    "action_flag": 1,
    "change_message": "[{\"added\": {}}]"
  }
},
{
  "model": "admin.logentry",
  "pk": 53,
  "fields": {
    "action_time": "2025-07-17T17:38:20.689Z",
    "user": 1,
    "content_type": 41,
    "object_id": "1",
    "object_repr": "Клиника 'Семейная' (Клиника) [ID: 4] - лечим электрическим",
    "action_flag": 2,
    "change_message": "[{\"changed\": {\"fields\": [\"\\u0423\\u0441\\u043b\\u0443\\u0433\\u0430\"]}}]"
  }
},
{
  "model": "sessions.session",
  "pk": "7fansws2hhabfemek59o0ssr8l0c75hg",
  "fields": {
    "session_data": ".eJxVjMsOwiAQRf-FtSE8Rjq4dN9vIDADUjU0Ke3K-O_apAvd3nPOfYkQt7WGreclTCwuQovT75YiPXLbAd9ju82S5rYuU5K7Ig_a5Thzfl4P9--gxl6_dUIP3mny51Q8gmUXyRrHoNAqAzAYJssao7WENKACQkeKoWTDCYt4fwDEpDeA:1uZ8TL:_A0y_LQKJQLHliHmcKmLTmi-8xZErRXvltMsclOdQ_8",
    "expire_date": "2025-07-22T13:34:59.769Z"
  }
},
{
  "model": "sessions.session",
  "pk": "uxwdmdjjgl0nwy8frr8vrab5rp7qpgnm",
  "fields": {
    "session_data": ".eJxVjMsOwiAQRf-FtSE8Rjq4dN9vIDADUjU0Ke3K-O_apAvd3nPOfYkQt7WGreclTCwuQovT75YiPXLbAd9ju82S5rYuU5K7Ig_a5Thzfl4P9--gxl6_dUIP3mny51Q8gmUXyRrHoNAqAzAYJssao7WENKACQkeKoWTDCYt4fwDEpDeA:1uU31a:ACpaYiGrAMl0mRWjWG6K1SdB24XdUSqklJgcVo3jxg4",
    "expire_date": "2025-07-08T12:45:18.396Z"
  }
},
{
  "model": "sessions.session",
  "pk": "xe4ow69yijiwf9kj3786bjwv16qg8kar",
  "fields": {
    "session_data": ".eJxVjMsOwiAQRf-FtSE8Rjq4dN9vIDADUjU0Ke3K-O_apAvd3nPOfYkQt7WGreclTCwuQovT75YiPXLbAd9ju82S5rYuU5K7Ig_a5Thzfl4P9--gxl6_dUIP3mny51Q8gmUXyRrHoNAqAzAYJssao7WENKACQkeKoWTDCYt4fwDEpDeA:1uVCtb:cRsvFi7niBL8Oh2wZQl6Rvz-4aqcGQ28zTYSlqmSsRM",
    "expire_date": "2025-07-11T17:29:51.803Z"
  }
},
{
  "model": "core.region",
  "pk": 1,
  "fields": {
    "created_at": "2024-01-01T00:00:00Z",
    "updated_at": "2024-01-01T00:00:00Z",
    "name": "Московская область",
    "slug": "moskovskaya-oblast",
    "is_active": true
  }
},
{
  "model": "core.region",
  "pk": 2,
  "fields": {
    "created_at": "2024-01-01T00:00:00Z",
    "updated_at": "2024-01-01T00:00:00Z",
    "name": "Ленинградская область",
    "slug": "leningradskaya-oblast",
    "is_active": true
  }
},
{
  "model": "core.region",
  "pk": 3,
  "fields": {
    "created_at": "2024-01-01T00:00:00Z",
    "updated_at": "2024-01-01T00:00:00Z",
    "name": "Новосибирская область",
    "slug": "novosibirskaya-oblast",
    "is_active": true
  }
},
{
  "model": "core.region",
  "pk": 4,
  "fields": {
    "created_at": "2024-01-01T00:00:00Z",
    "updated_at": "2024-01-01T00:00:00Z",
    "name": "Свердловская область",
    "slug": "sverdlovskaya-oblast",
    "is_active": true
  }
},
{
  "model": "core.region",
  "pk": 5,
  "fields": {
    "created_at": "2024-01-01T00:00:00Z",
    "updated_at": "2024-01-01T00:00:00Z",
    "name": "Краснодарский край",
    "slug": "krasnodarskiy-kray",
    "is_active": true
  }
},
{
  "model": "core.region",
  "pk": 6,
  "fields": {
    "created_at": "2024-01-01T00:00:00Z",
    "updated_at": "2024-01-01T00:00:00Z",
    "name": "Республика Татарстан",
    "slug": "respublika-tatarstan",
    "is_active": true
  }
},
{
  "model": "core.region",
  "pk": 7,
  "fields": {
    "created_at": "2025-07-12T14:08:43.070Z",
    "updated_at": "2025-07-12T14:08:43.070Z",
    "name": "Санкт-Петербург",
    "slug": "sankt-peterburg",
    "is_active": true
  }
},
{
  "model": "core.city",
  "pk": 1,
  "fields": {
    "created_at": "2024-01-01T00:00:00Z",
    "updated_at": "2024-01-01T00:00:00Z",
    "region": 1,
    "name": "Химки",
    "slug": "himki",
    "is_active": true
  }
},
{
  "model": "core.city",
  "pk": 2,
  "fields": {
    "created_at": "2024-01-01T00:00:00Z",
    "updated_at": "2024-01-01T00:00:00Z",
    "region": 1,
    "name": "Подольск",
    "slug": "podolsk",
    "is_active": true
  }
},
{
  "model": "core.city",
  "pk": 3,
  "fields": {
    "created_at": "2024-01-01T00:00:00Z",
    "updated_at": "2024-01-01T00:00:00Z",
    "region": 2,
    "name": "Пушкин",
    "slug": "pushkin",
    "is_active": true
  }
},
{
  "model": "core.city",
  "pk": 4,
  "fields": {
    "created_at": "2024-01-01T00:00:00Z",
    "updated_at": "2024-01-01T00:00:00Z",
    "region": 2,
    "name": "Петергоф",
    "slug": "peterhof",
    "is_active": true
  }
},
{
  "model": "core.city",
  "pk": 5,
  "fields": {
    "created_at": "2024-01-01T00:00:00Z",
    "updated_at": "2024-01-01T00:00:00Z",
    "region": 3,
    "name": "Новосибирск",
    "slug": "novosibirsk",
    "is_active": true
  }
},
{
  "model": "core.city",
  "pk": 6,
  "fields": {
    "created_at": "2024-01-01T00:00:00Z",
    "updated_at": "2024-01-01T00:00:00Z",
    "region": 3,
    "name": "Бердск",
    "slug": "berdsk",
    "is_active": true
  }
},
{
  "model": "core.city",
  "pk": 7,
  "fields": {
    "created_at": "2024-01-01T00:00:00Z",
    "updated_at": "2024-01-01T00:00:00Z",
    "region": 4,
    "name": "Екатеринбург",
    "slug": "ekaterinburg",
    "is_active": true
  }
},
{
  "model": "core.city",
  "pk": 8,
  "fields": {
    "created_at": "2024-01-01T00:00:00Z",
    "updated_at": "2024-01-01T00:00:00Z",
    "region": 4,
    "name": "Нижний Тагил",
    "slug": "nizhniy-tagil",
    "is_active": true
  }
},
{
  "model": "core.city",
  "pk": 9,
  "fields": {
    "created_at": "2024-01-01T00:00:00Z",
    "updated_at": "2024-01-01T00:00:00Z",
    "region": 5,
    "name": "Сочи",
    "slug": "sochi",
    "is_active": true
  }
},
{
  "model": "core.city",
  "pk": 10,
  "fields": {
    "created_at": "2024-01-01T00:00:00Z",
    "updated_at": "2024-01-01T00:00:00Z",
    "region": 5,
    "name": "Анапа",
    "slug": "anapa",
    "is_active": true
  }
},
{
  "model": "core.city",
  "pk": 11,
  "fields": {
    "created_at": "2024-01-01T00:00:00Z",
    "updated_at": "2024-01-01T00:00:00Z",
    "region": 6,
    "name": "Казань",
    "slug": "kazan",
    "is_active": true
  }
},
{
  "model": "core.city",
  "pk": 12,
  "fields": {
    "created_at": "2024-01-01T00:00:00Z",
    "updated_at": "2024-01-01T00:00:00Z",
    "region": 6,
    "name": "Набережные Челны",
    "slug": "naberezhnye-chelny",
    "is_active": true
  }
},
{
  "model": "core.city",
  "pk": 13,
  "fields": {
    "created_at": "2025-07-12T14:08:43.074Z",
    "updated_at": "2025-07-12T14:08:43.074Z",
    "region": 5,
    "name": "Краснодар",
    "slug": "",
    "is_active": true
  }
},
{
  "model": "core.city",
  "pk": 14,
  "fields": {
    "created_at": "2025-07-12T14:08:43.076Z",
    "updated_at": "2025-07-12T14:08:43.076Z",
    "region": 1,
    "name": "Москва",
    "slug": "",
    "is_active": true
  }
},
{
  "model": "core.city",
  "pk": 15,
  "fields": {
    "created_at": "2025-07-12T14:08:43.078Z",
    "updated_at": "2025-07-12T14:08:43.078Z",
    "region": 7,
    "name": "Санкт-Петербург",
    "slug": "",
    "is_active": true
  }
},
{
  "model": "facilities.organizationtype",
  "pk": 1,
  "fields": {
    "created_at": "2024-04-07T21:00:00Z",
    "updated_at": "2024-04-07T21:00:00Z",
    "name": "Клиника",
    "slug": "clinic",
    "description": "Медицинское учреждение, предоставляющее широкий спектр медицинских услуг",
    "competencies": "Диагностика, лечение, консультации специалистов"
  }
},
{
  "model": "facilities.organizationtype",
  "pk": 2,
  "fields": {
    "created_at": "2024-04-07T21:00:00Z",
    "updated_at": "2024-04-07T21:00:00Z",
    "name": "Реабилитационный центр",
    "slug": "rehabilitation-center",
    "description": "Специализированное учреждение для реабилитации и восстановления здоровья",
    "competencies": "Реабилитация, восстановление, психологическая помощь"
  }
},
{
  "model": "facilities.organizationtype",
  "pk": 4,
  "fields": {
    "created_at": "2025-07-12T14:16:26.667Z",
    "updated_at": "2025-07-12T14:16:26.667Z",
    "name": "Частный врач",
    "slug": "private-doctor",
    "description": "Частнопрактикующие врачи и медицинские специалисты",
    "competencies": "Индивидуальные консультации, диагностика, лечение, профилактика"
  }
},
{
  "model": "facilities.clinic",
  "pk": 1,
  "fields": {
    "created_at": "2024-04-07T21:00:00Z",
    "updated_at": "2025-07-08T13:36:36.501Z",
    "name": "Медицинский центр 'Здоровье'",
    "slug": "medicinskiy-centr-zdorove",
    "organization_type": 1,
    "description": "Современный медицинский центр с широким спектром услуг jjjjjjjjjjjjjjjjjjjjjjjjjjjjjjjjjjjjjjjjjjjjjjjjjjjjjjjjjjjjjjjjjjjjjjjjjjjjjjjjjjjjjjjjjjjjjjjjjjjjjjjjjjjjjjjjjjjjjjjjjjjjjjjjjjjjjjjjjjjjjjjjjjjjjjjjjjjjjjjjjjjjjjjjjjjjjjjjjjjjjjjjjjjjjjjjjjjjjjjjjjjjjjjjjjjjjjjjjjjjjjjjjjjjjjjjjjjjjjjjjjjjjjjjjjjjjjjjjjjjjjjjjjjjjjjjjjjjjjjjjjjjjjjjjjjjjjjjjjjjjjjjjjjjjjjjjjjjjjjjjjjjjjjjjjjjjjjjjjjjjjjj",
    "address": "ул. Ленина, 10",
    "phone": "+7 (495) 123-45-67",
    "email": "info@zdorovie.ru",
    "website": "https://zdorovie.ru",
    "license_number": "",
    "is_active": true,
    "city": 1,
    "emergency_support": true,
    "has_hospital": true
  }
},
{
  "model": "facilities.clinic",
  "pk": 2,
  "fields": {
    "created_at": "2024-04-07T21:00:00Z",
    "updated_at": "2024-04-07T21:00:00Z",
    "name": "Клиника 'Медикал'",
    "slug": "klinika-medikal",
    "organization_type": 1,
    "description": "Многопрофильная клиника с опытными специалистами",
    "address": "пр. Мира, 25",
    "phone": "+7 (495) 234-56-78",
    "email": "info@medikal.ru",
    "website": "https://medikal.ru",
    "license_number": "",
    "is_active": true,
    "city": 1,
    "emergency_support": true,
    "has_hospital": false
  }
},
{
  "model": "facilities.clinic",
  "pk": 3,
  "fields": {
    "created_at": "2024-04-07T21:00:00Z",
    "updated_at": "2024-04-07T21:00:00Z",
    "name": "Медицинский центр 'Доктор'",
    "slug": "medicinskiy-centr-doktor",
    "organization_type": 1,
    "description": "Семейная клиника с индивидуальным подходом",
    "address": "ул. Пушкина, 15",
    "phone": "+7 (812) 345-67-89",
    "email": "info@doktor.ru",
    "website": "https://doktor.ru",
    "license_number": "",
    "is_active": true,
    "city": 3,
    "emergency_support": false,
    "has_hospital": false
  }
},
{
  "model": "facilities.clinic",
  "pk": 4,
  "fields": {
    "created_at": "2024-04-07T21:00:00Z",
    "updated_at": "2024-04-07T21:00:00Z",
    "name": "Клиника 'Семейная'",
    "slug": "klinika-semeynaya",
    "organization_type": 1,
    "description": "Клиника для всей семьи с современным оборудованием",
    "address": "пр. Невский, 100",
    "phone": "+7 (812) 456-78-90",
    "email": "info@semeynaya.ru",
    "website": "https://semeynaya.ru",
    "license_number": "",
    "is_active": true,
    "city": 3,
    "emergency_support": true,
    "has_hospital": true
  }
},
{
  "model": "facilities.clinic",
  "pk": 5,
  "fields": {
    "created_at": "2024-04-07T21:00:00Z",
    "updated_at": "2024-04-07T21:00:00Z",
    "name": "Медицинский центр 'Урал'",
    "slug": "medicinskiy-centr-ural",
    "organization_type": 1,
    "description": "Крупнейший медицинский центр Урала",
    "address": "ул. Малышева, 50",
    "phone": "+7 (343) 567-89-01",
    "email": "info@ural-med.ru",
    "website": "https://ural-med.ru",
    "license_number": "",
    "is_active": true,
    "city": 5,
    "emergency_support": true,
    "has_hospital": true
  }
},
{
  "model": "facilities.clinic",
  "pk": 6,
  "fields": {
    "created_at": "2024-04-07T21:00:00Z",
    "updated_at": "2024-04-07T21:00:00Z",
    "name": "Клиника 'Сибирь'",
    "slug": "klinika-sibir",
    "organization_type": 1,
    "description": "Многопрофильная клиника с передовыми технологиями",
    "address": "пр. Карла Маркса, 30",
    "phone": "+7 (383) 678-90-12",
    "email": "info@sibir-med.ru",
    "website": "https://sibir-med.ru",
    "license_number": "",
    "is_active": true,
    "city": 7,
    "emergency_support": true,
    "has_hospital": true
  }
},
{
  "model": "facilities.clinic",
  "pk": 7,
  "fields": {
    "created_at": "2024-04-07T21:00:00Z",
    "updated_at": "2024-04-07T21:00:00Z",
    "name": "Медицинский центр 'Юг'",
    "slug": "medicinskiy-centr-yug",
    "organization_type": 1,
    "description": "Современная клиника с европейскими стандартами",
    "address": "ул. Красная, 150",
    "phone": "+7 (861) 789-01-23",
    "email": "info@yug-med.ru",
    "website": "https://yug-med.ru",
    "license_number": "",
    "is_active": true,
    "city": 9,
    "emergency_support": true,
    "has_hospital": true
  }
},
{
  "model": "facilities.clinic",
  "pk": 8,
  "fields": {
    "created_at": "2024-04-07T21:00:00Z",
    "updated_at": "2024-04-07T21:00:00Z",
    "name": "Клиника 'Приморье'",
    "slug": "klinika-primorie",
    "organization_type": 1,
    "description": "Медицинский центр с focus на профилактику",
    "address": "ул. Приморская, 20",
    "phone": "+7 (861) 890-12-34",
    "email": "info@primorie-med.ru",
    "website": "https://primorie-med.ru",
    "license_number": "",
    "is_active": true,
    "city": 9,
    "emergency_support": false,
    "has_hospital": false
  }
},
{
  "model": "facilities.clinic",
  "pk": 9,
  "fields": {
    "created_at": "2024-04-07T21:00:00Z",
    "updated_at": "2024-04-07T21:00:00Z",
    "name": "Медицинский центр 'Север'",
    "slug": "medicinskiy-centr-sever",
    "organization_type": 1,
    "description": "Специализированная клиника с уникальными методиками",
    "address": "пр. Ленина, 75",
    "phone": "+7 (343) 901-23-45",
    "email": "info@sever-med.ru",
    "website": "https://sever-med.ru",
    "license_number": "",
    "is_active": true,
    "city": 5,
    "emergency_support": true,
    "has_hospital": true
  }
},
{
  "model": "facilities.clinic",
  "pk": 10,
  "fields": {
    "created_at": "2024-04-07T21:00:00Z",
    "updated_at": "2024-04-07T21:00:00Z",
    "name": "Клиника 'Восток'",
    "slug": "klinika-vostok",
    "organization_type": 1,
    "description": "Инновационный медицинский центр",
    "address": "ул. Советская, 40",
    "phone": "+7 (383) 012-34-56",
    "email": "info@vostok-med.ru",
    "website": "https://vostok-med.ru",
    "license_number": "",
    "is_active": true,
    "city": 7,
    "emergency_support": true,
    "has_hospital": false
  }
},
{
  "model": "facilities.clinic",
  "pk": 11,
  "fields": {
    "created_at": "2024-04-07T21:00:00Z",
    "updated_at": "2024-04-07T21:00:00Z",
    "name": "Медицинский центр 'Запад'",
    "slug": "medicinskiy-centr-zapad",
    "organization_type": 1,
    "description": "Клиника с европейским подходом к лечению",
    "address": "пр. Победы, 60",
    "phone": "+7 (812) 123-45-67",
    "email": "info@zapad-med.ru",
    "website": "https://zapad-med.ru",
    "license_number": "",
    "is_active": true,
    "city": 3,
    "emergency_support": true,
    "has_hospital": true
  }
},
{
  "model": "facilities.clinic",
  "pk": 12,
  "fields": {
    "created_at": "2024-04-07T21:00:00Z",
    "updated_at": "2024-04-07T21:00:00Z",
    "name": "Клиника 'Центр'",
    "slug": "klinika-centr",
    "organization_type": 1,
    "description": "Центральная клиника с широким спектром услуг",
    "address": "ул. Центральная, 1",
    "phone": "+7 (495) 234-56-78",
    "email": "info@centr-med.ru",
    "website": "https://centr-med.ru",
    "license_number": "",
    "is_active": true,
    "city": 1,
    "emergency_support": true,
    "has_hospital": true
  }
},
{
  "model": "facilities.clinic",
  "pk": 13,
  "fields": {
    "created_at": "2024-04-07T21:00:00Z",
    "updated_at": "2024-04-07T21:00:00Z",
    "name": "Медицинский центр 'Плюс'",
    "slug": "medicinskiy-centr-plus",
    "organization_type": 1,
    "description": "Клиника с акцентом на профилактическую медицину",
    "address": "ул. Медицинская, 15",
    "phone": "+7 (861) 345-67-89",
    "email": "info@plus-med.ru",
    "website": "https://plus-med.ru",
    "license_number": "",
    "is_active": true,
    "city": 9,
    "emergency_support": false,
    "has_hospital": false
  }
},
{
  "model": "facilities.clinic",
  "pk": 14,
  "fields": {
    "created_at": "2024-04-07T21:00:00Z",
    "updated_at": "2024-04-07T21:00:00Z",
    "name": "Клиника 'Профи'",
    "slug": "klinika-profi",
    "organization_type": 1,
    "description": "Профессиональная клиника с опытными специалистами",
    "address": "пр. Профессиональный, 30",
    "phone": "+7 (343) 456-78-90",
    "email": "info@profi-med.ru",
    "website": "https://profi-med.ru",
    "license_number": "",
    "is_active": true,
    "city": 5,
    "emergency_support": true,
    "has_hospital": true
  }
},
{
  "model": "facilities.clinic",
  "pk": 15,
  "fields": {
    "created_at": "2024-04-07T21:00:00Z",
    "updated_at": "2024-04-07T21:00:00Z",
    "name": "Медицинский центр 'Эксперт'",
    "slug": "medicinskiy-centr-ekspert",
    "organization_type": 1,
    "description": "Экспертная клиника с современным оборудованием",
    "address": "ул. Экспертная, 25",
    "phone": "+7 (383) 567-89-01",
    "email": "info@ekspert-med.ru",
    "website": "https://ekspert-med.ru",
    "license_number": "",
    "is_active": true,
    "city": 7,
    "emergency_support": true,
    "has_hospital": true
  }
},
{
  "model": "facilities.rehabcenter",
  "pk": 1,
  "fields": {
    "created_at": "2024-04-07T21:00:00Z",
    "updated_at": "2024-04-07T21:00:00Z",
    "name": "Реабилитационный центр 'Восстановление'",
    "slug": "reabilitacionniy-centr-vosstanovlenie",
    "organization_type": 2,
    "description": "Современный центр реабилитации с индивидуальным подходом",
    "website": "https://vosstanovlenie.ru",
    "is_active": true,
    "city": 1,
    "capacity": 50,
    "program_duration": 30,
    "min_price": 0,
    "accommodation_conditions": "",
    "address": "ул. Реабилитационная, 1",
    "phone": "+7 (495) 123-45-67",
    "email": "info@vosstanovlenie.ru"
  }
},
{
  "model": "facilities.rehabcenter",
  "pk": 2,
  "fields": {
    "created_at": "2024-04-07T21:00:00Z",
    "updated_at": "2024-04-07T21:00:00Z",
    "name": "Центр реабилитации 'Новая жизнь'",
    "slug": "centr-reabilitacii-novaya-zhizn",
    "organization_type": 2,
    "description": "Комплексный подход к реабилитации и восстановлению",
    "website": "https://novaya-zhizn.ru",
    "is_active": true,
    "city": 1,
    "capacity": 30,
    "program_duration": 21,
    "min_price": 0,
    "accommodation_conditions": "",
    "address": "пр. Новый, 25",
    "phone": "+7 (495) 234-56-78",
    "email": "info@novaya-zhizn.ru"
  }
},
{
  "model": "facilities.rehabcenter",
  "pk": 3,
  "fields": {
    "created_at": "2024-04-07T21:00:00Z",
    "updated_at": "2024-04-07T21:00:00Z",
    "name": "Реабилитационный центр 'Северный'",
    "slug": "reabilitacionniy-centr-severniy",
    "organization_type": 2,
    "description": "Специализированный центр реабилитации",
    "website": "https://severniy.ru",
    "is_active": true,
    "city": 3,
    "capacity": 40,
    "program_duration": 28,
    "min_price": 0,
    "accommodation_conditions": "",
    "address": "ул. Северная, 15",
    "phone": "+7 (812) 345-67-89",
    "email": "info@severniy.ru"
  }
},
{
  "model": "facilities.rehabcenter",
  "pk": 4,
  "fields": {
    "created_at": "2024-04-07T21:00:00Z",
    "updated_at": "2024-04-07T21:00:00Z",
    "name": "Центр восстановления 'Балтика'",
    "slug": "centr-vosstanovleniya-baltika",
    "organization_type": 2,
    "description": "Реабилитационный центр с европейскими стандартами",
    "website": "https://baltika.ru",
    "is_active": true,
    "city": 3,
    "capacity": 35,
    "program_duration": 30,
    "min_price": 0,
    "accommodation_conditions": "",
    "address": "пр. Балтийский, 100",
    "phone": "+7 (812) 456-78-90",
    "email": "info@baltika.ru"
  }
},
{
  "model": "facilities.rehabcenter",
  "pk": 5,
  "fields": {
    "created_at": "2024-04-07T21:00:00Z",
    "updated_at": "2024-04-07T21:00:00Z",
    "name": "Реабилитационный центр 'Урал'",
    "slug": "reabilitacionniy-centr-ural",
    "organization_type": 2,
    "description": "Крупнейший центр реабилитации на Урале",
    "website": "https://ural-rehab.ru",
    "is_active": true,
    "city": 5,
    "capacity": 45,
    "program_duration": 21,
    "min_price": 0,
    "accommodation_conditions": "",
    "address": "ул. Уральская, 50",
    "phone": "+7 (343) 567-89-01",
    "email": "info@ural-rehab.ru"
  }
},
{
  "model": "facilities.rehabcenter",
  "pk": 6,
  "fields": {
    "created_at": "2024-04-07T21:00:00Z",
    "updated_at": "2024-04-07T21:00:00Z",
    "name": "Центр реабилитации 'Сибирь'",
    "slug": "centr-reabilitacii-sibir",
    "organization_type": 2,
    "description": "Современный центр реабилитации в Сибири",
    "website": "https://sibir-rehab.ru",
    "is_active": true,
    "city": 7,
    "capacity": 40,
    "program_duration": 28,
    "min_price": 0,
    "accommodation_conditions": "",
    "address": "пр. Сибирский, 30",
    "phone": "+7 (383) 678-90-12",
    "email": "info@sibir-rehab.ru"
  }
},
{
  "model": "facilities.rehabcenter",
  "pk": 7,
  "fields": {
    "created_at": "2024-04-07T21:00:00Z",
    "updated_at": "2024-04-07T21:00:00Z",
    "name": "Реабилитационный центр 'Юг'",
    "slug": "reabilitacionniy-centr-yug",
    "organization_type": 2,
    "description": "Центр реабилитации с климатотерапией",
    "website": "https://yug-rehab.ru",
    "is_active": true,
    "city": 9,
    "capacity": 50,
    "program_duration": 30,
    "min_price": 0,
    "accommodation_conditions": "",
    "address": "ул. Южная, 150",
    "phone": "+7 (861) 789-01-23",
    "email": "info@yug-rehab.ru"
  }
},
{
  "model": "facilities.rehabcenter",
  "pk": 8,
  "fields": {
    "created_at": "2024-04-07T21:00:00Z",
    "updated_at": "2024-04-07T21:00:00Z",
    "name": "Центр восстановления 'Приморье'",
    "slug": "centr-vosstanovleniya-primorie",
    "organization_type": 2,
    "description": "Реабилитационный центр с морской терапией",
    "website": "https://primorie-rehab.ru",
    "is_active": true,
    "city": 9,
    "capacity": 35,
    "program_duration": 21,
    "min_price": 0,
    "accommodation_conditions": "",
    "address": "ул. Приморская, 20",
    "phone": "+7 (861) 890-12-34",
    "email": "info@primorie-rehab.ru"
  }
},
{
  "model": "facilities.rehabcenter",
  "pk": 9,
  "fields": {
    "created_at": "2024-04-07T21:00:00Z",
    "updated_at": "2024-04-07T21:00:00Z",
    "name": "Реабилитационный центр 'Север'",
    "slug": "reabilitacionniy-centr-sever",
    "organization_type": 2,
    "description": "Специализированный центр реабилитации",
    "website": "https://sever-rehab.ru",
    "is_active": true,
    "city": 5,
    "capacity": 40,
    "program_duration": 28,
    "min_price": 0,
    "accommodation_conditions": "",
    "address": "пр. Северный, 75",
    "phone": "+7 (343) 901-23-45",
    "email": "info@sever-rehab.ru"
  }
},
{
  "model": "facilities.rehabcenter",
  "pk": 10,
  "fields": {
    "created_at": "2024-04-07T21:00:00Z",
    "updated_at": "2024-04-07T21:00:00Z",
    "name": "Центр реабилитации 'Восток'",
    "slug": "centr-reabilitacii-vostok",
    "organization_type": 2,
    "description": "Инновационный центр реабилитации",
    "website": "https://vostok-rehab.ru",
    "is_active": true,
    "city": 7,
    "capacity": 30,
    "program_duration": 21,
    "min_price": 0,
    "accommodation_conditions": "",
    "address": "ул. Восточная, 40",
    "phone": "+7 (383) 012-34-56",
    "email": "info@vostok-rehab.ru"
  }
},
{
  "model": "facilities.rehabcenter",
  "pk": 11,
  "fields": {
    "created_at": "2024-04-07T21:00:00Z",
    "updated_at": "2024-04-07T21:00:00Z",
    "name": "Реабилитационный центр 'Запад'",
    "slug": "reabilitacionniy-centr-zapad",
    "organization_type": 2,
    "description": "Центр реабилитации с европейским подходом",
    "website": "https://zapad-rehab.ru",
    "is_active": true,
    "city": 3,
    "capacity": 45,
    "program_duration": 30,
    "min_price": 0,
    "accommodation_conditions": "",
    "address": "пр. Западный, 60",
    "phone": "+7 (812) 123-45-67",
    "email": "info@zapad-rehab.ru"
  }
},
{
  "model": "facilities.rehabcenter",
  "pk": 12,
  "fields": {
    "created_at": "2024-04-07T21:00:00Z",
    "updated_at": "2024-04-07T21:00:00Z",
    "name": "Центр восстановления 'Центр'",
    "slug": "centr-vosstanovleniya-centr",
    "organization_type": 2,
    "description": "Центральный реабилитационный центр",
    "website": "https://centr-rehab.ru",
    "is_active": true,
    "city": 1,
    "capacity": 50,
    "program_duration": 28,
    "min_price": 0,
    "accommodation_conditions": "",
    "address": "ул. Центральная, 1",
    "phone": "+7 (495) 234-56-78",
    "email": "info@centr-rehab.ru"
  }
},
{
  "model": "facilities.rehabcenter",
  "pk": 13,
  "fields": {
    "created_at": "2024-04-07T21:00:00Z",
    "updated_at": "2024-04-07T21:00:00Z",
    "name": "Реабилитационный центр 'Плюс'",
    "slug": "reabilitacionniy-centr-plus",
    "organization_type": 2,
    "description": "Центр реабилитации с дополнительными услугами",
    "website": "https://plus-rehab.ru",
    "is_active": true,
    "city": 9,
    "capacity": 35,
    "program_duration": 21,
    "min_price": 0,
    "accommodation_conditions": "",
    "address": "ул. Плюсовая, 15",
    "phone": "+7 (861) 345-67-89",
    "email": "info@plus-rehab.ru"
  }
},
{
  "model": "facilities.rehabcenter",
  "pk": 14,
  "fields": {
    "created_at": "2024-04-07T21:00:00Z",
    "updated_at": "2024-04-07T21:00:00Z",
    "name": "Центр реабилитации 'Профи'",
    "slug": "centr-reabilitacii-profi",
    "organization_type": 2,
    "description": "Профессиональный центр реабилитации",
    "website": "https://profi-rehab.ru",
    "is_active": true,
    "city": 5,
    "capacity": 40,
    "program_duration": 30,
    "min_price": 0,
    "accommodation_conditions": "",
    "address": "пр. Профессиональный, 30",
    "phone": "+7 (343) 456-78-90",
    "email": "info@profi-rehab.ru"
  }
},
{
  "model": "facilities.rehabcenter",
  "pk": 15,
  "fields": {
    "created_at": "2024-04-07T21:00:00Z",
    "updated_at": "2025-07-14T12:16:43.700Z",
    "name": "Реабилитационный центр 'Эксперт'",
    "slug": "reabilitacionniy-centr-ekspert",
    "organization_type": 2,
    "description": "Экспертный центр реабилитации",
    "website": "https://ekspert-rehab.ru",
    "is_active": true,
    "city": 7,
    "capacity": 45,
    "program_duration": 28,
    "min_price": 32,
    "accommodation_conditions": "",
    "address": "ул. Экспертная, 25",
    "phone": "+7 (383) 567-89-01",
    "email": "info@ekspert-rehab.ru"
  }
},
{
  "model": "facilities.rehabcenter",
  "pk": 16,
  "fields": {
    "created_at": "2025-07-01T11:27:19.679Z",
    "updated_at": "2025-07-14T11:55:52.391Z",
    "name": "Анапская звездочка",
    "slug": "anapskaya-zvezdochka",
    "organization_type": 2,
    "description": "йцвайцвйцв ауцдолауцлдор аудцйотдцйоацдуотра   дуцайодцуоадэуцйаоуцдйаоцуаоуцлодауцоа   уаолаулоцоиалуцоиа   уацлодицулоаиуцлоиалоау   уалоиулацоижлуаоиddddddddddddddddddddddddddddddddddddddddddddddddddddddddddddddddddddddddddddddddddddddddddddddddddddddddddddddddddddddddddddddddddddddddddddddddddddddddddddddddddddddddddd",
    "website": null,
    "is_active": true,
    "city": 10,
    "capacity": 0,
    "program_duration": 0,
    "min_price": 12,
    "accommodation_conditions": "",
    "address": "йцуауауауа",
    "phone": "+7 (918) 374-50-56",
    "email": "svg1@example.com"
  }
},
{
  "model": "facilities.rehabcenter",
  "pk": 17,
  "fields": {
    "created_at": "2025-07-08T14:01:08.065Z",
    "updated_at": "2025-07-08T14:01:08.065Z",
    "name": "реабилитация рврвролылрорвоылолорв",
    "slug": "reabilitaciya-rvrvrolylrorvoylolorv",
    "organization_type": 2,
    "description": "ывыфвывыфвыфвыф",
    "website": "https://zdorovie.ru",
    "is_active": true,
    "city": 10,
    "capacity": 0,
    "program_duration": 0,
    "min_price": 0,
    "accommodation_conditions": "",
    "address": "цвйцйвцйвцс вфсвфас",
    "phone": "+7 (918) 374-50-56",
    "email": "sv@ya.ru"
  }
},
{
  "model": "facilities.review",
  "pk": 1,
  "fields": {
    "created_at": "2024-01-01T00:00:00Z",
    "updated_at": "2024-01-01T00:00:00Z",
    "content_type": 2,
    "object_id": 1,
    "rating": 5,
    "content": "Отличный центр реабилитации! Персонал внимательный, условия проживания комфортные. Программа восстановления эффективная. Особенно понравилось отношение врачей и психологов."
  }
},
{
  "model": "facilities.review",
  "pk": 2,
  "fields": {
    "created_at": "2024-01-02T00:00:00Z",
    "updated_at": "2024-01-02T00:00:00Z",
    "content_type": 2,
    "object_id": 1,
    "rating": 4,
    "content": "Хороший центр, но цены немного высокие. В целом остался доволен результатами. Особенно понравилась программа реабилитации и питание."
  }
},
{
  "model": "facilities.review",
  "pk": 3,
  "fields": {
    "created_at": "2024-01-03T00:00:00Z",
    "updated_at": "2024-01-03T00:00:00Z",
    "content_type": 2,
    "object_id": 1,
    "rating": 5,
    "content": "Прекрасный центр! Очень доволен результатами реабилитации. Персонал профессиональный, условия проживания отличные. Рекомендую всем, кто ищет качественную реабилитацию."
  }
},
{
  "model": "facilities.review",
  "pk": 4,
  "fields": {
    "created_at": "2024-01-04T00:00:00Z",
    "updated_at": "2024-01-04T00:00:00Z",
    "content_type": 2,
    "object_id": 1,
    "rating": 4,
    "content": "Центр очень хороший. Особенно понравилась работа психологов и индивидуальный подход к каждому пациенту. Единственное, что можно улучшить - это организацию досуга."
  }
},
{
  "model": "facilities.review",
  "pk": 5,
  "fields": {
    "created_at": "2024-01-05T00:00:00Z",
    "updated_at": "2024-01-05T00:00:00Z",
    "content_type": 2,
    "object_id": 1,
    "rating": 5,
    "content": "Отличный центр! Современное оборудование, квалифицированный персонал, комфортные условия проживания. Результаты реабилитации превзошли все ожидания. Спасибо всему коллективу!"
  }
},
{
  "model": "facilities.review",
  "pk": 6,
  "fields": {
    "created_at": "2024-01-06T00:00:00Z",
    "updated_at": "2024-01-06T00:00:00Z",
    "content_type": 2,
    "object_id": 5,
    "rating": 5,
    "content": "Отличный центр! Современное оборудование, квалифицированный персонал."
  }
},
{
  "model": "facilities.review",
  "pk": 7,
  "fields": {
    "created_at": "2024-01-07T00:00:00Z",
    "updated_at": "2024-01-07T00:00:00Z",
    "content_type": 2,
    "object_id": 6,
    "rating": 2,
    "content": "Не понравилось отношение персонала. Условия проживания оставляют желать лучшего."
  }
},
{
  "model": "facilities.review",
  "pk": 8,
  "fields": {
    "created_at": "2024-01-08T00:00:00Z",
    "updated_at": "2024-01-08T00:00:00Z",
    "content_type": 2,
    "object_id": 7,
    "rating": 4,
    "content": "Хороший центр реабилитации. Программа восстановления эффективная."
  }
},
{
  "model": "facilities.review",
  "pk": 9,
  "fields": {
    "created_at": "2024-01-09T00:00:00Z",
    "updated_at": "2024-01-09T00:00:00Z",
    "content_type": 2,
    "object_id": 8,
    "rating": 5,
    "content": "Отличный центр! Персонал внимательный, условия проживания комфортные."
  }
},
{
  "model": "facilities.review",
  "pk": 10,
  "fields": {
    "created_at": "2024-01-10T00:00:00Z",
    "updated_at": "2024-01-10T00:00:00Z",
    "content_type": 2,
    "object_id": 9,
    "rating": 4,
    "content": "Хороший центр реабилитации. Программа восстановления эффективная."
  }
},
{
  "model": "facilities.review",
  "pk": 11,
  "fields": {
    "created_at": "2024-01-11T00:00:00Z",
    "updated_at": "2024-01-11T00:00:00Z",
    "content_type": 2,
    "object_id": 10,
    "rating": 3,
    "content": "Центр неплохой, но есть проблемы с организацией питания. Персонал вежливый."
  }
},
{
  "model": "facilities.review",
  "pk": 12,
  "fields": {
    "created_at": "2024-01-12T00:00:00Z",
    "updated_at": "2024-01-12T00:00:00Z",
    "content_type": 2,
    "object_id": 11,
    "rating": 5,
    "content": "Отличный центр! Современное оборудование, квалифицированный персонал."
  }
},
{
  "model": "facilities.review",
  "pk": 13,
  "fields": {
    "created_at": "2024-01-13T00:00:00Z",
    "updated_at": "2024-01-13T00:00:00Z",
    "content_type": 2,
    "object_id": 12,
    "rating": 4,
    "content": "Хороший центр реабилитации. Программа восстановления эффективная."
  }
},
{
  "model": "facilities.review",
  "pk": 14,
  "fields": {
    "created_at": "2024-01-14T00:00:00Z",
    "updated_at": "2024-01-14T00:00:00Z",
    "content_type": 2,
    "object_id": 12,
    "rating": 2,
    "content": "Не понравилось отношение персонала. Условия проживания оставляют желать лучшего."
  }
},
{
  "model": "facilities.facilityimage",
  "pk": 1,
  "fields": {
    "created_at": "2025-07-12T21:52:31.111Z",
    "updated_at": "2025-07-12T21:52:31.111Z",
    "content_type": 55,
    "object_id": 1,
    "image": "facilities/images/Lana.jpg",
    "image_type": "main",
    "title": "главное ифото",
    "description": "вувыавыавыа",
    "is_main": true,
    "order": 1
  }
},
{
  "model": "facilities.facilitydocument",
  "pk": 1,
  "fields": {
    "created_at": "2025-07-08T13:36:36.505Z",
    "updated_at": "2025-07-08T13:36:36.505Z",
    "content_type": 11,
    "object_id": 1,
    "document_type": "license",
    "title": "документ",
    "document": "facilities/documents/photo-8.png",
    "number": null,
    "issue_date": "2025-04-08",
    "expiry_date": "2025-07-31",
    "is_active": true
  }
},
{
  "model": "facilities.facilitydocument",
  "pk": 2,
  "fields": {
    "created_at": "2025-07-08T13:36:36.508Z",
    "updated_at": "2025-07-08T13:36:36.508Z",
    "content_type": 11,
    "object_id": 1,
    "document_type": "certificate",
    "title": "дщлуменнт",
    "document": "facilities/documents/photo_4_2024-01-19_14-03-15.jpg",
    "number": null,
    "issue_date": "2025-04-08",
    "expiry_date": "2025-07-24",
    "is_active": true
  }
},
{
  "model": "facilities.facilitydocument",
  "pk": 3,
  "fields": {
    "created_at": "2025-07-14T13:15:19.174Z",
    "updated_at": "2025-07-14T13:15:19.174Z",
    "content_type": 55,
    "object_id": 1,
    "document_type": "license",
    "title": "документ",
    "document": "facilities/documents/logo.png",
    "number": "цуйауц",
    "issue_date": "2025-04-08",
    "expiry_date": "2025-07-31",
    "is_active": true
  }
},
{
  "model": "facilities.privatedoctor",
  "pk": 1,
  "fields": {
    "created_at": "2025-07-12T13:45:07.032Z",
    "updated_at": "2025-07-14T13:15:19.171Z",
    "name": "Гордиенко Сергей",
    "slug": "gordienko-sergej",
    "organization_type": 4,
    "description": "",
    "address": "trshsrethrsthrsth",
    "phone": "+7 (918) 374-50-56",
    "email": "svgordienko1806@gmail.com",
    "website": null,
    "license_number": "123131цц222",
    "is_active": true,
    "city": 10,
    "first_name": "Сергей",
    "last_name": "Гордиенко",
    "middle_name": null,
    "experience_years": 6,
    "education": "dsgedgsdgsdgsdfagdsgdsag",
    "biography": "dsgfdsgsfdgfdsagsfdagfds",
    "achievements": "",
    "office_description": "",
    "parking_available": false,
    "wheelchair_accessible": false,
    "schedule": "fhdfhdsfhdsfhdsfg",
    "home_visits": false,
    "emergency_available": false,
    "weekend_work": false,
    "consultation_price": null,
    "home_visit_price": null,
    "insurance_accepted": false,
    "license_issue_date": "2025-07-12",
    "license_expiry_date": "2025-07-31",
    "online_consultations": false,
    "video_consultations": false,
    "special_equipment": "",
    "specializations": [
      5,
      7
    ]
  }
},
{
  "model": "staff.specialization",
  "pk": 1,
  "fields": {
    "created_at": "2024-04-24T00:00:00Z",
    "updated_at": "2024-04-24T00:00:00Z",
    "name": "Аддиктолог",
    "slug": "addiktolog",
    "description": "Специалист, занимающийся диагностикой, лечением и профилактикой зависимостей, включая химические и поведенческие."
  }
},
{
  "model": "staff.specialization",
  "pk": 2,
  "fields": {
    "created_at": "2024-04-24T00:00:00Z",
    "updated_at": "2024-04-24T00:00:00Z",
    "name": "Инструктор по физической реабилитации",
    "slug": "instructor-po-fizicheskoy-reabilitacii",
    "description": "Профессионал, который разрабатывает и проводит физические упражнения и процедуры для восстановления двигательных функций и улучшения общего состояния здоровья пациентов."
  }
},
{
  "model": "staff.specialization",
  "pk": 3,
  "fields": {
    "created_at": "2024-04-24T00:00:00Z",
    "updated_at": "2024-04-24T00:00:00Z",
    "name": "Консультант по химической зависимости",
    "slug": "konsultant-po-himicheskoy-zavisimosti",
    "description": "Специалист, помогающий пациентам справляться с химической зависимостью, предоставляющий консультации, мотивационную поддержку и помощь в процессе реабилитации."
  }
},
{
  "model": "staff.specialization",
  "pk": 4,
  "fields": {
    "created_at": "2024-04-24T00:00:00Z",
    "updated_at": "2024-04-24T00:00:00Z",
    "name": "Медсестра",
    "slug": "medsestra",
    "description": "Медицинский работник, обеспечивающий уход за пациентами, контроль за приёмом лекарств и помощь врачам в проведении процедур."
  }
},
{
  "model": "staff.specialization",
  "pk": 5,
  "fields": {
    "created_at": "2024-04-24T00:00:00Z",
    "updated_at": "2024-04-24T00:00:00Z",
    "name": "Психиатр-нарколог",
    "slug": "psihiatr-narkolog",
    "description": "Врач, специализирующийся на диагностике и лечении психических расстройств и зависимостей, включая назначение медикаментозной терапии."
  }
},
{
  "model": "staff.specialization",
  "pk": 6,
  "fields": {
    "created_at": "2024-04-24T00:00:00Z",
    "updated_at": "2024-04-24T00:00:00Z",
    "name": "Психолог",
    "slug": "psiholog",
    "description": "Специалист по психологии, работающий с пациентами над решением эмоциональных, поведенческих и межличностных проблем."
  }
},
{
  "model": "staff.specialization",
  "pk": 7,
  "fields": {
    "created_at": "2024-04-24T00:00:00Z",
    "updated_at": "2024-04-24T00:00:00Z",
    "name": "Психотерапевт",
    "slug": "psihoterapevt",
    "description": "Профессионал, проводящий длительную терапевтическую работу с пациентами для решения глубоких психологических проблем и травм."
  }
},
{
  "model": "staff.specialization",
  "pk": 8,
  "fields": {
    "created_at": "2024-04-24T00:00:00Z",
    "updated_at": "2024-04-24T00:00:00Z",
    "name": "Реабилитолог",
    "slug": "reabilitolog",
    "description": "Специалист, занимающийся восстановлением физических и психических функций пациентов после болезней, травм или зависимостей."
  }
},
{
  "model": "staff.specialization",
  "pk": 9,
  "fields": {
    "created_at": "2024-04-24T00:00:00Z",
    "updated_at": "2024-04-24T00:00:00Z",
    "name": "Семейный психолог",
    "slug": "semeynyy-psiholog",
    "description": "Психолог, работающий с семейными парами и членами семьи для улучшения коммуникации, разрешения конфликтов и укрепления отношений."
  }
},
{
  "model": "staff.specialization",
  "pk": 10,
  "fields": {
    "created_at": "2024-04-24T00:00:00Z",
    "updated_at": "2024-04-24T00:00:00Z",
    "name": "Социальный работник",
    "slug": "socialnyy-rabotnik",
    "description": "Профессионал, оказывающий помощь в социальной адаптации, юридической поддержке и взаимодействии пациентов с учреждениями социальной защиты."
  }
},
{
  "model": "staff.medicalspecialist",
  "pk": 1,
  "fields": {
    "created_at": "2025-07-07T13:25:28.036Z",
    "updated_at": "2025-07-07T13:28:45.262Z",
    "first_name": "Прво",
    "last_name": "йакйц",
    "middle_name": "йцуу",
    "slug": "specialist",
    "experience_years": 2,
    "education": "Первый Московский государственный медицинский университет им. И.М. Сеченова, Факультет: Лечебное дело\r\n\r\nГод окончания: 2008\r\n\r\nКвалификация: Врач общей практики",
    "biography": "",
    "achievements": "",
    "photo": "specialists/photo_3_2024-01-19_14-03-15.jpg",
    "is_active": true,
    "specializations": [
      1
    ]
  }
},
{
  "model": "staff.medicalspecialist",
  "pk": 2,
  "fields": {
    "created_at": "2025-07-08T14:06:38.774Z",
    "updated_at": "2025-07-08T14:06:38.774Z",
    "first_name": "й3к3к",
    "last_name": "вцйв",
    "middle_name": "йцуу",
    "slug": "33",
    "experience_years": 2,
    "education": "",
    "biography": null,
    "achievements": null,
    "photo": "",
    "is_active": true,
    "specializations": [
      2
    ]
  }
},
{
  "model": "staff.medicalspecialist",
  "pk": 3,
  "fields": {
    "created_at": "2025-07-08T14:23:45.477Z",
    "updated_at": "2025-07-08T14:23:45.477Z",
    "first_name": "dsfdsdf",
    "last_name": "ddsfdf",
    "middle_name": null,
    "slug": "ddsfdf-dsfdsdf",
    "experience_years": 10,
    "education": "",
    "biography": null,
    "achievements": null,
    "photo": "",
    "is_active": true,
    "specializations": [
      3
    ]
  }
},
{
  "model": "staff.facilityspecialist",
  "pk": 3,
  "fields": {
    "content_type": 12,
    "object_id": 16,
    "position": "аууа",
    "schedule": "wdq"
  }
},
{
  "model": "staff.facilityspecialist",
  "pk": 2,
  "fields": {
    "content_type": 12,
    "object_id": 16,
    "position": "ауа",
    "schedule": "йцвйцвв"
  }
},
{
  "model": "staff.facilityspecialist",
  "pk": 1,
  "fields": {
    "content_type": 11,
    "object_id": 1,
    "position": "зам",
    "schedule": "3цв3в3вц3вв3"
  }
},
{
  "model": "users.user",
  "pk": 1,
  "fields": {
    "password": "pbkdf2_sha256$870000$dzCGWIVHM3LuHqzBWsQTC3$+S0rsdmvIUTRdKVf7QgNQcpp3YJ76Mcp/N67TeW8RpQ=",
    "is_superuser": true,
    "username": "admin",
    "first_name": "",
    "last_name": "",
    "is_staff": true,
    "role": "superuser",
    "email": "admin@example.com",
    "is_active": true,
    "last_login": "2025-07-08T13:34:59.761Z",
    "date_joined": "2025-06-24T12:27:26.054Z",
    "groups": [],
    "user_permissions": []
  }
},
{
  "model": "users.user",
  "pk": 2,
  "fields": {
    "password": "pbkdf2_sha256$870000$eY2ApeslxzJr9usq1dlDOC$+GfzYHpGgMZWlSzjkoZYkFhrxGJhKRHHs1xQyi6qpdI=",
    "is_superuser": true,
    "username": "superadmin",
    "first_name": "",
    "last_name": "",
    "is_staff": true,
    "role": "superuser",
    "email": "superadmin@example.com",
    "is_active": true,
    "last_login": null,
    "date_joined": "2025-06-24T12:40:33.363Z",
    "groups": [],
    "user_permissions": []
  }
},
{
  "model": "users.user",
  "pk": 3,
  "fields": {
    "password": "pbkdf2_sha256$870000$Xsbsfvp516nEDXYnkQKp3h$AJXrioVbEn53R+2WAOCxX6bnnsdOL3bxyUd0wcNDLJw=",
    "is_superuser": true,
    "username": "root",
    "first_name": "",
    "last_name": "",
    "is_staff": true,
    "role": "user",
    "email": "root@example.com",
    "is_active": true,
    "last_login": null,
    "date_joined": "2025-06-24T12:42:48.827Z",
    "groups": [],
    "user_permissions": []
  }
},
{
  "model": "users.user",
  "pk": 4,
  "fields": {
    "password": "pbkdf2_sha256$870000$40QHB36xoCXLTlbME8JWfy$UN0cmTlsvubI14HqGD+Afy7nCrEHuVbX+J3oeMTVd9c=",
    "is_superuser": true,
    "username": "admin2",
    "first_name": "",
    "last_name": "",
    "is_staff": true,
    "role": "user",
    "email": "admin@admin.com",
    "is_active": true,
    "last_login": null,
    "date_joined": "2025-06-24T12:44:35.196Z",
    "groups": [],
    "user_permissions": []
  }
},
{
  "model": "users.user",
  "pk": 6,
  "fields": {
    "password": "pbkdf2_sha256$870000$O1rIjFar8UzVIhXAeUHIc1$CfO1rOR+IZEKTMo7PvjaHcxG1XgbDfILgl8Ka+BV5j4=",
    "is_superuser": false,
    "username": "svg",
    "first_name": "",
    "last_name": "",
    "is_staff": true,
    "role": "requests_admin",
    "email": "svgordienko1806@gmail.com",
    "is_active": true,
    "last_login": null,
    "date_joined": "2025-06-27T17:41:50.685Z",
    "groups": [],
    "user_permissions": []
  }
},
{
  "model": "users.userprofile",
  "pk": 1,
  "fields": {
    "created_at": "2025-06-24T12:27:26.062Z",
    "updated_at": "2025-07-08T13:34:59.765Z",
    "user": 1,
    "birth_date": null,
    "gender": null,
    "address": null,
    "bio": null
  }
},
{
  "model": "users.userprofile",
  "pk": 2,
  "fields": {
    "created_at": "2025-06-24T12:40:33.366Z",
    "updated_at": "2025-06-24T12:44:40.798Z",
    "user": 2,
    "birth_date": null,
    "gender": null,
    "address": null,
    "bio": null
  }
},
{
  "model": "users.userprofile",
  "pk": 3,
  "fields": {
    "created_at": "2025-06-24T12:42:48.835Z",
    "updated_at": "2025-06-24T12:44:40.802Z",
    "user": 3,
    "birth_date": null,
    "gender": null,
    "address": null,
    "bio": null
  }
},
{
  "model": "users.userprofile",
  "pk": 4,
  "fields": {
    "created_at": "2025-06-24T12:44:35.204Z",
    "updated_at": "2025-06-24T12:44:35.215Z",
    "user": 4,
    "birth_date": null,
    "gender": null,
    "address": null,
    "bio": null
  }
},
{
  "model": "users.userprofile",
  "pk": 6,
  "fields": {
    "created_at": "2025-06-27T17:41:50.685Z",
    "updated_at": "2025-06-27T17:41:50.685Z",
    "user": 6,
    "birth_date": null,
    "gender": null,
    "address": null,
    "bio": null
  }
},
{
  "model": "users.useractionlog",
  "pk": 1,
  "fields": {
    "created_at": "2025-06-27T17:36:25.904Z",
    "updated_at": "2025-06-27T17:36:25.904Z",
    "user": 1,
    "action": "create",
    "model_name": "User",
    "object_id": 5,
    "details": "Создан новый пользователь: svg"
  }
},
{
  "model": "users.useractionlog",
  "pk": 2,
  "fields": {
    "created_at": "2025-06-27T17:41:50.686Z",
    "updated_at": "2025-06-27T17:41:50.686Z",
    "user": 1,
    "action": "create",
    "model_name": "User",
    "object_id": 6,
    "details": "Создан новый пользователь: svg"
  }
},
{
  "model": "blog.blogcategory",
  "pk": 1,
  "fields": {
    "created_at": "2025-07-16T15:47:17.637Z",
    "updated_at": "2025-07-16T15:47:17.637Z",
    "name": "алкоголики истории",
    "slug": "alkogoliki-istorii",
    "description": "йаврогщвужлораорыфжаорфыщжщгарщыфгарщшыафрг",
    "parent": null,
    "order": 0
  }
},
{
  "model": "blog.blogpost",
  "pk": 1,
  "fields": {
    "created_at": "2025-07-16T15:48:50.078Z",
    "updated_at": "2025-07-16T17:48:02.264Z",
    "title": "пить плохо",
    "slug": "pit-ploho",
    "category": 1,
    "preview_text": "цуауцйацу",
    "content": "выммывмыв",
    "image": "blog/images/raketa.jpeg",
    "is_published": true,
    "is_featured": true,
    "publish_date": "2025-07-16T15:48:44Z",
    "meta_title": null,
    "meta_description": "",
    "views_count": 0,
    "conclusion_text": "ввымвым"
  }
},
{
  "model": "blog.tag",
  "pk": 1,
  "fields": {
    "name": "Алкоголизм",
    "slug": "alkogolizm",
    "icon": null,
    "description": "выпаыавпвафр ваппрвфпр икупунрукпр акпрукфенуки купркупру акпукпу",
    "is_active": true,
    "is_system": true,
    "created_at": "2025-07-16T15:48:02.859Z",
    "updated_at": "2025-07-16T15:48:02.859Z"
  }
},
{
  "model": "blog.blogposttag",
  "pk": 1,
  "fields": {
    "created_at": "2025-07-16T15:48:50.079Z",
    "updated_at": "2025-07-16T15:48:50.079Z",
    "post": 1,
    "tag": 1
  }
},
{
  "model": "requests.anonymousrequest",
  "pk": 1,
  "fields": {
    "created_at": "2025-06-27T09:45:04.807Z",
    "updated_at": "2025-06-27T09:45:04.807Z",
    "request_type": "consultation",
    "status": "new",
    "priority": "medium",
    "source": "website_form",
    "name": "Анонимный пользователь",
    "phone": "+7 (918) 374-50-56",
    "email": null,
    "organization": null,
    "message": "Заявка с формы консультации",
    "patient_name": null,
    "patient_age": null,
    "preferred_contact_time": null,
    "organization_type": null,
    "assigned_organization": null,
    "content_type": null,
    "object_id": null,
    "preferred_service": "Консультация",
    "commission_amount": null,
    "commission_received_date": null,
    "commission_document": "",
    "created_by": null,
    "updated_by": null,
    "assigned_to": null
  }
},
{
  "model": "requests.anonymousrequest",
  "pk": 2,
  "fields": {
    "created_at": "2025-06-27T09:45:21.989Z",
    "updated_at": "2025-06-27T09:45:21.989Z",
    "request_type": "consultation",
    "status": "new",
    "priority": "medium",
    "source": "website_form",
    "name": "Анонимный пользователь",
    "phone": "+7 (324) 432-57-67",
    "email": null,
    "organization": null,
    "message": "Заявка с формы консультации",
    "patient_name": null,
    "patient_age": null,
    "preferred_contact_time": null,
    "organization_type": null,
    "assigned_organization": null,
    "content_type": null,
    "object_id": null,
    "preferred_service": "Терапия",
    "commission_amount": null,
    "commission_received_date": null,
    "commission_document": "",
    "created_by": null,
    "updated_by": null,
    "assigned_to": null
  }
},
{
  "model": "requests.anonymousrequest",
  "pk": 3,
  "fields": {
    "created_at": "2025-07-01T22:36:12.399Z",
    "updated_at": "2025-07-03T13:12:03.798Z",
    "request_type": "consultation",
    "status": "commission_received",
    "priority": "urgent",
    "source": "website_form",
    "name": "Анонимный пользователь",
    "phone": "+7 (918) 374-50-56",
    "email": null,
    "organization": null,
    "message": "Заявка с формы консультации",
    "patient_name": null,
    "patient_age": null,
    "preferred_contact_time": null,
    "organization_type": null,
    "assigned_organization": null,
    "content_type": null,
    "object_id": null,
    "preferred_service": "Консультация",
    "commission_amount": null,
    "commission_received_date": "2025-07-03",
    "commission_document": "",
    "created_by": null,
    "updated_by": 1,
    "assigned_to": null
  }
},
{
  "model": "requests.anonymousrequest",
  "pk": 4,
  "fields": {
    "created_at": "2025-07-03T13:14:26.079Z",
    "updated_at": "2025-07-03T13:14:26.079Z",
    "request_type": "consultation",
    "status": "new",
    "priority": "medium",
    "source": "website_form",
    "name": "Анонимный пользователь",
    "phone": "+7 (918) 374-50-56",
    "email": null,
    "organization": null,
    "message": "Заявка с формы консультации",
    "patient_name": null,
    "patient_age": null,
    "preferred_contact_time": null,
    "organization_type": null,
    "assigned_organization": null,
    "content_type": null,
    "object_id": null,
    "preferred_service": "Поддержка",
    "commission_amount": null,
    "commission_received_date": null,
    "commission_document": "",
    "created_by": null,
    "updated_by": null,
    "assigned_to": null
  }
},
{
  "model": "requests.anonymousrequest",
  "pk": 5,
  "fields": {
    "created_at": "2025-07-08T12:21:03.728Z",
    "updated_at": "2025-07-08T12:21:03.728Z",
    "request_type": "consultation",
    "status": "new",
    "priority": "medium",
    "source": "website_form",
    "name": "Анонимный пользователь",
    "phone": "+79183745056",
    "email": null,
    "organization": null,
    "message": "Заявка с формы консультации",
    "patient_name": null,
    "patient_age": null,
    "preferred_contact_time": null,
    "organization_type": null,
    "assigned_organization": null,
    "content_type": null,
    "object_id": null,
    "preferred_service": "Консультация",
    "commission_amount": null,
    "commission_received_date": null,
    "commission_document": "",
    "created_by": null,
    "updated_by": null,
    "assigned_to": null
  }
},
{
  "model": "requests.anonymousrequest",
  "pk": 6,
  "fields": {
    "created_at": "2025-07-08T12:59:30.313Z",
    "updated_at": "2025-07-16T11:29:12.295Z",
    "request_type": "consultation",
    "status": "in_progress",
    "priority": "medium",
    "source": "website_form",
    "name": "Анонимный пользователь",
    "phone": "+7 (918) 374-50-56",
    "email": null,
    "organization": null,
    "message": "Заявка с формы консультации",
    "patient_name": null,
    "patient_age": null,
    "preferred_contact_time": null,
    "organization_type": 1,
    "assigned_organization": "Медицинский центр 'Здоровье'",
    "content_type": null,
    "object_id": null,
    "preferred_service": "Консультация",
    "commission_amount": null,
    "commission_received_date": null,
    "commission_document": "",
    "created_by": null,
    "updated_by": 1,
    "assigned_to": null
  }
},
{
  "model": "requests.requeststatushistory",
  "pk": 1,
  "fields": {
    "request": 3,
    "old_status": "new",
    "new_status": "commission_received",
    "comment": null,
    "changed_at": "2025-07-03T13:12:03.797Z",
    "changed_by": 1
  }
},
{
  "model": "requests.requeststatushistory",
  "pk": 2,
  "fields": {
    "request": 6,
    "old_status": "new",
    "new_status": "in_progress",
    "comment": null,
    "changed_at": "2025-07-16T11:29:12.293Z",
    "changed_by": 1
  }
},
{
  "model": "requests.requestactionlog",
  "pk": 1,
  "fields": {
    "created_at": "2025-07-03T13:12:03.798Z",
    "updated_at": "2025-07-03T13:12:03.798Z",
    "request": 3,
    "user": 1,
    "action": "status_change",
    "details": "Изменен статус с new на commission_received"
  }
},
{
  "model": "requests.requestactionlog",
  "pk": 2,
  "fields": {
    "created_at": "2025-07-16T11:29:12.294Z",
    "updated_at": "2025-07-16T11:29:12.294Z",
    "request": 6,
    "user": 1,
    "action": "status_change",
    "details": "Изменен статус с new на in_progress"
  }
},
{
  "model": "requests.dependentrequest",
  "pk": 1,
  "fields": {
    "created_at": "2025-07-16T11:23:04.091Z",
    "updated_at": "2025-07-16T11:44:18.252Z",
    "status": "approved",
    "addiction_type": "alcohol",
    "contact_type": "anonymous",
    "first_name": "Сергей",
    "last_name": "Гордиенко",
    "pseudonym": "Аноним",
    "phone": "+7 (918) 374-50-56",
    "email": null,
    "age": null,
    "addiction_duration": null,
    "previous_treatment": "",
    "current_condition": "",
    "preferred_treatment": "",
    "emergency_contact": null,
    "emergency_phone": "65456565654",
    "extra_notes": "",
    "responsible_staff": null,
    "organization_type": 1,
    "assigned_organization": "Клиника 'Медикал'"
  }
},
{
  "model": "requests.dependentrequeststatushistory",
  "pk": 1,
  "fields": {
    "request": 1,
    "old_status": "new",
    "new_status": "in_progress",
    "comment": null,
    "changed_at": "2025-07-16T11:39:06.665Z",
    "changed_by": 1
  }
},
{
  "model": "requests.dependentrequeststatushistory",
  "pk": 2,
  "fields": {
    "request": 1,
    "old_status": "approved",
    "new_status": "completed",
    "comment": null,
    "changed_at": "2025-07-16T11:42:08.382Z",
    "changed_by": 1
  }
},
{
  "model": "requests.dependentrequeststatushistory",
  "pk": 3,
  "fields": {
    "request": 1,
    "old_status": "completed",
    "new_status": "approved",
    "comment": null,
    "changed_at": "2025-07-16T11:44:18.251Z",
    "changed_by": 1
  }
},
{
  "model": "medical_services.servicecategory",
  "pk": 2,
  "fields": {
    "created_at": "2025-07-16T15:28:27.406Z",
    "updated_at": "2025-07-16T15:28:43.482Z",
    "name": "Лечение алкоголизма",
    "slug": "lechenie-alkogolizma",
    "description": "уаа2йцуацуацуацуацуацуацуацуацуавысуцкпекогенуоеунгцкенке",
    "parent": null,
    "order": 0,
    "is_active": true
  }
},
{
  "model": "medical_services.servicecategory",
  "pk": 3,
  "fields": {
    "created_at": "2025-07-16T15:34:12.467Z",
    "updated_at": "2025-07-16T15:34:12.467Z",
    "name": "Лечение наркомании",
    "slug": "lechenie-narkomanii",
    "description": "кыпукфпукфпукпук",
    "parent": null,
    "order": 0,
    "is_active": true
  }
},
{
  "model": "medical_services.servicecategory",
  "pk": 4,
  "fields": {
    "created_at": "2025-07-16T15:34:42.093Z",
    "updated_at": "2025-07-16T15:34:42.093Z",
    "name": "Другие услуги",
    "slug": "drugie-uslugi",
    "description": "кпкуцпуцк",
    "parent": null,
    "order": 0,
    "is_active": true
  }
},
{
  "model": "medical_services.service",
  "pk": 3,
  "fields": {
    "created_at": "2025-07-17T13:37:34.174Z",
    "updated_at": "2025-07-17T16:38:53.472Z",
    "name": "реабилитация",
    "slug": "reabilitatsiya",
    "description": "мвыложовыаржщвыщорывмжлож вылоилмвыоииыдловм двымои.длвымло.мвыдлои",
    "duration": 3,
    "is_active": true,
    "categories": [
      2,
      3
    ]
  }
},
{
  "model": "medical_services.service",
  "pk": 4,
  "fields": {
    "created_at": "2025-07-17T17:36:48.326Z",
    "updated_at": "2025-07-17T17:36:48.326Z",
    "name": "лечим электрическим",
    "slug": "lechim-elektricheskim",
    "description": "",
    "duration": 37,
    "is_active": true,
    "categories": [
      2
    ]
  }
},
{
  "model": "medical_services.facilityservice",
  "pk": 1,
  "fields": {
    "created_at": "2025-07-17T13:38:11.857Z",
    "updated_at": "2025-07-17T17:38:20.681Z",
    "content_type": 11,
    "object_id": 4,
    "service": 4,
    "price": null,
    "is_active": true,
    "specialists": [
      1
    ]
  }
},
{
  "model": "reviews.review",
  "pk": 1,
  "fields": {
    "content_type": 17,
    "object_id": 1,
    "created_by": 1,
    "author_name": "Тестовый пациент",
    "author_age": 35,
    "rating": 5,
    "content": "Отличный специалист! Очень доволен лечением.",
    "created_at": "2025-07-07T14:04:37.301Z",
    "updated_at": "2025-07-07T14:04:37.301Z",
    "is_published": true
  }
},
{
  "model": "reviews.review",
  "pk": 2,
  "fields": {
    "content_type": 11,
    "object_id": 1,
    "created_by": 1,
    "author_name": "Ибгагим",
    "author_age": null,
    "rating": 1,
    "content": "цйаввйцвйцвйцвйцвйцвццв ваававм ваывуацуа уцацуацуа мм ыцавауы уцацуауц",
    "created_at": "2025-07-07T14:36:11.725Z",
    "updated_at": "2025-07-07T14:36:11.725Z",
    "is_published": true
  }
},
{
  "model": "reviews.review",
  "pk": 3,
  "fields": {
    "content_type": 11,
    "object_id": 1,
    "created_by": 1,
    "author_name": "Ибгагим",
    "author_age": 14,
    "rating": 5,
    "content": "цуцццццццццццццццццццццццццццццццццццццццццццццццццццццццццццццццццццццццццццццццццццццццццц",
    "created_at": "2025-07-07T14:36:34.884Z",
    "updated_at": "2025-07-07T14:36:34.884Z",
    "is_published": true
  }
},
{
  "model": "recovery_stories.recoverycategory",
  "pk": 1,
  "fields": {
    "created_at": "2025-06-24T12:46:56.639Z",
    "updated_at": "2025-06-24T12:46:56.639Z",
    "name": "Алкогольная зависимость",
    "slug": "",
    "description": "Истории выздоровления от алкогольной зависимости",
    "parent": null,
    "order": 1
  }
},
{
  "model": "recovery_stories.recoverycategory",
  "pk": 2,
  "fields": {
    "created_at": "2025-06-24T12:46:56.641Z",
    "updated_at": "2025-06-24T12:46:56.641Z",
    "name": "Мужчины",
    "slug": "-1",
    "description": "Истории выздоровления мужчин от алкогольной зависимости",
    "parent": 1,
    "order": 1
  }
},
{
  "model": "recovery_stories.recoverycategory",
  "pk": 3,
  "fields": {
    "created_at": "2025-06-24T12:46:56.642Z",
    "updated_at": "2025-06-24T12:46:56.642Z",
    "name": "Женщины",
    "slug": "-2",
    "description": "Истории выздоровления женщин от алкогольной зависимости",
    "parent": 1,
    "order": 2
  }
},
{
  "model": "recovery_stories.recoverycategory",
  "pk": 4,
  "fields": {
    "created_at": "2025-06-24T12:46:56.643Z",
    "updated_at": "2025-06-24T12:46:56.643Z",
    "name": "Наркотическая зависимость",
    "slug": "-3",
    "description": "Истории выздоровления от наркотической зависимости",
    "parent": null,
    "order": 2
  }
},
{
  "model": "recovery_stories.recoverycategory",
  "pk": 5,
  "fields": {
    "created_at": "2025-06-24T12:46:56.644Z",
    "updated_at": "2025-06-24T12:46:56.644Z",
    "name": "Мужчины",
    "slug": "-3-",
    "description": "Истории выздоровления мужчин от наркотической зависимости",
    "parent": 4,
    "order": 1
  }
},
{
  "model": "recovery_stories.recoverycategory",
  "pk": 6,
  "fields": {
    "created_at": "2025-06-24T12:46:56.645Z",
    "updated_at": "2025-06-24T12:46:56.645Z",
    "name": "Женщины",
    "slug": "-3--1",
    "description": "Истории выздоровления женщин от наркотической зависимости",
    "parent": 4,
    "order": 2
  }
},
{
  "model": "recovery_stories.recoverycategory",
  "pk": 7,
  "fields": {
    "created_at": "2025-06-24T12:46:56.646Z",
    "updated_at": "2025-06-24T12:46:56.646Z",
    "name": "Игровая зависимость",
    "slug": "-4",
    "description": "Истории выздоровления от игровой зависимости",
    "parent": null,
    "order": 3
  }
},
{
  "model": "recovery_stories.recoverycategory",
  "pk": 8,
  "fields": {
    "created_at": "2025-06-24T12:46:56.647Z",
    "updated_at": "2025-06-24T12:46:56.647Z",
    "name": "Мужчины",
    "slug": "-4-",
    "description": "Истории выздоровления мужчин от игровой зависимости",
    "parent": 7,
    "order": 1
  }
},
{
  "model": "recovery_stories.recoverycategory",
  "pk": 9,
  "fields": {
    "created_at": "2025-06-24T12:46:56.648Z",
    "updated_at": "2025-06-24T12:46:56.648Z",
    "name": "Женщины",
    "slug": "-4--1",
    "description": "Истории выздоровления женщин от игровой зависимости",
    "parent": 7,
    "order": 2
  }
},
{
  "model": "recovery_stories.recoverycategory",
  "pk": 10,
  "fields": {
    "created_at": "2025-06-24T12:46:56.649Z",
    "updated_at": "2025-06-24T12:46:56.649Z",
    "name": "Семейные истории",
    "slug": "-5",
    "description": "Истории выздоровления семей от зависимости",
    "parent": null,
    "order": 4
  }
},
{
  "model": "recovery_stories.recoverycategory",
  "pk": 11,
  "fields": {
    "created_at": "2025-06-24T12:46:56.651Z",
    "updated_at": "2025-06-24T12:46:56.651Z",
    "name": "Истории специалистов",
    "slug": "-6",
    "description": "Истории выздоровления от зависимости специалистов в области лечения зависимостей",
    "parent": null,
    "order": 5
  }
},
{
  "model": "admin_logs.adminactionlog",
  "pk": 1,
  "fields": {
    "user": null,
    "action": "create",
    "app_label": "facilities",
    "model_name": "organizationtype",
    "object_id": 1,
    "changes": {},
    "access_level": null,
    "ip_address": null,
    "created_at": "2025-06-24T12:46:39.633Z"
  }
},
{
  "model": "admin_logs.adminactionlog",
  "pk": 2,
  "fields": {
    "user": null,
    "action": "create",
    "app_label": "facilities",
    "model_name": "organizationtype",
    "object_id": 2,
    "changes": {},
    "access_level": null,
    "ip_address": null,
    "created_at": "2025-06-24T12:46:39.634Z"
  }
},
{
  "model": "admin_logs.adminactionlog",
  "pk": 3,
  "fields": {
    "user": null,
    "action": "create",
    "app_label": "facilities",
    "model_name": "clinic",
    "object_id": 1,
    "changes": {},
    "access_level": null,
    "ip_address": null,
    "created_at": "2025-06-24T12:46:39.640Z"
  }
},
{
  "model": "admin_logs.adminactionlog",
  "pk": 4,
  "fields": {
    "user": null,
    "action": "create",
    "app_label": "facilities",
    "model_name": "clinic",
    "object_id": 2,
    "changes": {},
    "access_level": null,
    "ip_address": null,
    "created_at": "2025-06-24T12:46:39.641Z"
  }
},
{
  "model": "admin_logs.adminactionlog",
  "pk": 5,
  "fields": {
    "user": null,
    "action": "create",
    "app_label": "facilities",
    "model_name": "clinic",
    "object_id": 3,
    "changes": {},
    "access_level": null,
    "ip_address": null,
    "created_at": "2025-06-24T12:46:39.642Z"
  }
},
{
  "model": "admin_logs.adminactionlog",
  "pk": 6,
  "fields": {
    "user": null,
    "action": "create",
    "app_label": "facilities",
    "model_name": "clinic",
    "object_id": 4,
    "changes": {},
    "access_level": null,
    "ip_address": null,
    "created_at": "2025-06-24T12:46:39.642Z"
  }
},
{
  "model": "admin_logs.adminactionlog",
  "pk": 7,
  "fields": {
    "user": null,
    "action": "create",
    "app_label": "facilities",
    "model_name": "clinic",
    "object_id": 5,
    "changes": {},
    "access_level": null,
    "ip_address": null,
    "created_at": "2025-06-24T12:46:39.643Z"
  }
},
{
  "model": "admin_logs.adminactionlog",
  "pk": 8,
  "fields": {
    "user": null,
    "action": "create",
    "app_label": "facilities",
    "model_name": "clinic",
    "object_id": 6,
    "changes": {},
    "access_level": null,
    "ip_address": null,
    "created_at": "2025-06-24T12:46:39.644Z"
  }
},
{
  "model": "admin_logs.adminactionlog",
  "pk": 9,
  "fields": {
    "user": null,
    "action": "create",
    "app_label": "facilities",
    "model_name": "clinic",
    "object_id": 7,
    "changes": {},
    "access_level": null,
    "ip_address": null,
    "created_at": "2025-06-24T12:46:39.646Z"
  }
},
{
  "model": "admin_logs.adminactionlog",
  "pk": 10,
  "fields": {
    "user": null,
    "action": "create",
    "app_label": "facilities",
    "model_name": "clinic",
    "object_id": 8,
    "changes": {},
    "access_level": null,
    "ip_address": null,
    "created_at": "2025-06-24T12:46:39.646Z"
  }
},
{
  "model": "admin_logs.adminactionlog",
  "pk": 11,
  "fields": {
    "user": null,
    "action": "create",
    "app_label": "facilities",
    "model_name": "clinic",
    "object_id": 9,
    "changes": {},
    "access_level": null,
    "ip_address": null,
    "created_at": "2025-06-24T12:46:39.647Z"
  }
},
{
  "model": "admin_logs.adminactionlog",
  "pk": 12,
  "fields": {
    "user": null,
    "action": "create",
    "app_label": "facilities",
    "model_name": "clinic",
    "object_id": 10,
    "changes": {},
    "access_level": null,
    "ip_address": null,
    "created_at": "2025-06-24T12:46:39.648Z"
  }
},
{
  "model": "admin_logs.adminactionlog",
  "pk": 13,
  "fields": {
    "user": null,
    "action": "create",
    "app_label": "facilities",
    "model_name": "clinic",
    "object_id": 11,
    "changes": {},
    "access_level": null,
    "ip_address": null,
    "created_at": "2025-06-24T12:46:39.649Z"
  }
},
{
  "model": "admin_logs.adminactionlog",
  "pk": 14,
  "fields": {
    "user": null,
    "action": "create",
    "app_label": "facilities",
    "model_name": "clinic",
    "object_id": 12,
    "changes": {},
    "access_level": null,
    "ip_address": null,
    "created_at": "2025-06-24T12:46:39.649Z"
  }
},
{
  "model": "admin_logs.adminactionlog",
  "pk": 15,
  "fields": {
    "user": null,
    "action": "create",
    "app_label": "facilities",
    "model_name": "clinic",
    "object_id": 13,
    "changes": {},
    "access_level": null,
    "ip_address": null,
    "created_at": "2025-06-24T12:46:39.650Z"
  }
},
{
  "model": "admin_logs.adminactionlog",
  "pk": 16,
  "fields": {
    "user": null,
    "action": "create",
    "app_label": "facilities",
    "model_name": "clinic",
    "object_id": 14,
    "changes": {},
    "access_level": null,
    "ip_address": null,
    "created_at": "2025-06-24T12:46:39.651Z"
  }
},
{
  "model": "admin_logs.adminactionlog",
  "pk": 17,
  "fields": {
    "user": null,
    "action": "create",
    "app_label": "facilities",
    "model_name": "clinic",
    "object_id": 15,
    "changes": {},
    "access_level": null,
    "ip_address": null,
    "created_at": "2025-06-24T12:46:39.652Z"
  }
},
{
  "model": "admin_logs.adminactionlog",
  "pk": 18,
  "fields": {
    "user": null,
    "action": "create",
    "app_label": "facilities",
    "model_name": "rehabcenter",
    "object_id": 1,
    "changes": {},
    "access_level": null,
    "ip_address": null,
    "created_at": "2025-06-24T12:46:39.658Z"
  }
},
{
  "model": "admin_logs.adminactionlog",
  "pk": 19,
  "fields": {
    "user": null,
    "action": "create",
    "app_label": "facilities",
    "model_name": "rehabcenter",
    "object_id": 2,
    "changes": {},
    "access_level": null,
    "ip_address": null,
    "created_at": "2025-06-24T12:46:39.659Z"
  }
},
{
  "model": "admin_logs.adminactionlog",
  "pk": 20,
  "fields": {
    "user": null,
    "action": "create",
    "app_label": "facilities",
    "model_name": "rehabcenter",
    "object_id": 3,
    "changes": {},
    "access_level": null,
    "ip_address": null,
    "created_at": "2025-06-24T12:46:39.660Z"
  }
},
{
  "model": "admin_logs.adminactionlog",
  "pk": 21,
  "fields": {
    "user": null,
    "action": "create",
    "app_label": "facilities",
    "model_name": "rehabcenter",
    "object_id": 4,
    "changes": {},
    "access_level": null,
    "ip_address": null,
    "created_at": "2025-06-24T12:46:39.661Z"
  }
},
{
  "model": "admin_logs.adminactionlog",
  "pk": 22,
  "fields": {
    "user": null,
    "action": "create",
    "app_label": "facilities",
    "model_name": "rehabcenter",
    "object_id": 5,
    "changes": {},
    "access_level": null,
    "ip_address": null,
    "created_at": "2025-06-24T12:46:39.662Z"
  }
},
{
  "model": "admin_logs.adminactionlog",
  "pk": 23,
  "fields": {
    "user": null,
    "action": "create",
    "app_label": "facilities",
    "model_name": "rehabcenter",
    "object_id": 6,
    "changes": {},
    "access_level": null,
    "ip_address": null,
    "created_at": "2025-06-24T12:46:39.663Z"
  }
},
{
  "model": "admin_logs.adminactionlog",
  "pk": 24,
  "fields": {
    "user": null,
    "action": "create",
    "app_label": "facilities",
    "model_name": "rehabcenter",
    "object_id": 7,
    "changes": {},
    "access_level": null,
    "ip_address": null,
    "created_at": "2025-06-24T12:46:39.664Z"
  }
},
{
  "model": "admin_logs.adminactionlog",
  "pk": 25,
  "fields": {
    "user": null,
    "action": "create",
    "app_label": "facilities",
    "model_name": "rehabcenter",
    "object_id": 8,
    "changes": {},
    "access_level": null,
    "ip_address": null,
    "created_at": "2025-06-24T12:46:39.665Z"
  }
},
{
  "model": "admin_logs.adminactionlog",
  "pk": 26,
  "fields": {
    "user": null,
    "action": "create",
    "app_label": "facilities",
    "model_name": "rehabcenter",
    "object_id": 9,
    "changes": {},
    "access_level": null,
    "ip_address": null,
    "created_at": "2025-06-24T12:46:39.665Z"
  }
},
{
  "model": "admin_logs.adminactionlog",
  "pk": 27,
  "fields": {
    "user": null,
    "action": "create",
    "app_label": "facilities",
    "model_name": "rehabcenter",
    "object_id": 10,
    "changes": {},
    "access_level": null,
    "ip_address": null,
    "created_at": "2025-06-24T12:46:39.666Z"
  }
},
{
  "model": "admin_logs.adminactionlog",
  "pk": 28,
  "fields": {
    "user": null,
    "action": "create",
    "app_label": "facilities",
    "model_name": "rehabcenter",
    "object_id": 11,
    "changes": {},
    "access_level": null,
    "ip_address": null,
    "created_at": "2025-06-24T12:46:39.667Z"
  }
},
{
  "model": "admin_logs.adminactionlog",
  "pk": 29,
  "fields": {
    "user": null,
    "action": "create",
    "app_label": "facilities",
    "model_name": "rehabcenter",
    "object_id": 12,
    "changes": {},
    "access_level": null,
    "ip_address": null,
    "created_at": "2025-06-24T12:46:39.668Z"
  }
},
{
  "model": "admin_logs.adminactionlog",
  "pk": 30,
  "fields": {
    "user": null,
    "action": "create",
    "app_label": "facilities",
    "model_name": "rehabcenter",
    "object_id": 13,
    "changes": {},
    "access_level": null,
    "ip_address": null,
    "created_at": "2025-06-24T12:46:39.669Z"
  }
},
{
  "model": "admin_logs.adminactionlog",
  "pk": 31,
  "fields": {
    "user": null,
    "action": "create",
    "app_label": "facilities",
    "model_name": "rehabcenter",
    "object_id": 14,
    "changes": {},
    "access_level": null,
    "ip_address": null,
    "created_at": "2025-06-24T12:46:39.670Z"
  }
},
{
  "model": "admin_logs.adminactionlog",
  "pk": 32,
  "fields": {
    "user": null,
    "action": "create",
    "app_label": "facilities",
    "model_name": "rehabcenter",
    "object_id": 15,
    "changes": {},
    "access_level": null,
    "ip_address": null,
    "created_at": "2025-06-24T12:46:39.671Z"
  }
},
{
  "model": "admin_logs.adminactionlog",
  "pk": 33,
  "fields": {
    "user": null,
    "action": "create",
    "app_label": "facilities",
    "model_name": "review",
    "object_id": 1,
    "changes": {},
    "access_level": null,
    "ip_address": null,
    "created_at": "2025-06-24T12:46:39.677Z"
  }
},
{
  "model": "admin_logs.adminactionlog",
  "pk": 34,
  "fields": {
    "user": null,
    "action": "create",
    "app_label": "facilities",
    "model_name": "review",
    "object_id": 2,
    "changes": {},
    "access_level": null,
    "ip_address": null,
    "created_at": "2025-06-24T12:46:39.678Z"
  }
},
{
  "model": "admin_logs.adminactionlog",
  "pk": 35,
  "fields": {
    "user": null,
    "action": "create",
    "app_label": "facilities",
    "model_name": "review",
    "object_id": 3,
    "changes": {},
    "access_level": null,
    "ip_address": null,
    "created_at": "2025-06-24T12:46:39.679Z"
  }
},
{
  "model": "admin_logs.adminactionlog",
  "pk": 36,
  "fields": {
    "user": null,
    "action": "create",
    "app_label": "facilities",
    "model_name": "review",
    "object_id": 4,
    "changes": {},
    "access_level": null,
    "ip_address": null,
    "created_at": "2025-06-24T12:46:39.679Z"
  }
},
{
  "model": "admin_logs.adminactionlog",
  "pk": 37,
  "fields": {
    "user": null,
    "action": "create",
    "app_label": "facilities",
    "model_name": "review",
    "object_id": 5,
    "changes": {},
    "access_level": null,
    "ip_address": null,
    "created_at": "2025-06-24T12:46:39.680Z"
  }
},
{
  "model": "admin_logs.adminactionlog",
  "pk": 38,
  "fields": {
    "user": null,
    "action": "create",
    "app_label": "facilities",
    "model_name": "review",
    "object_id": 6,
    "changes": {},
    "access_level": null,
    "ip_address": null,
    "created_at": "2025-06-24T12:46:39.681Z"
  }
},
{
  "model": "admin_logs.adminactionlog",
  "pk": 39,
  "fields": {
    "user": null,
    "action": "create",
    "app_label": "facilities",
    "model_name": "review",
    "object_id": 7,
    "changes": {},
    "access_level": null,
    "ip_address": null,
    "created_at": "2025-06-24T12:46:39.681Z"
  }
},
{
  "model": "admin_logs.adminactionlog",
  "pk": 40,
  "fields": {
    "user": null,
    "action": "create",
    "app_label": "facilities",
    "model_name": "review",
    "object_id": 8,
    "changes": {},
    "access_level": null,
    "ip_address": null,
    "created_at": "2025-06-24T12:46:39.682Z"
  }
},
{
  "model": "admin_logs.adminactionlog",
  "pk": 41,
  "fields": {
    "user": null,
    "action": "create",
    "app_label": "facilities",
    "model_name": "review",
    "object_id": 9,
    "changes": {},
    "access_level": null,
    "ip_address": null,
    "created_at": "2025-06-24T12:46:39.683Z"
  }
},
{
  "model": "admin_logs.adminactionlog",
  "pk": 42,
  "fields": {
    "user": null,
    "action": "create",
    "app_label": "facilities",
    "model_name": "review",
    "object_id": 10,
    "changes": {},
    "access_level": null,
    "ip_address": null,
    "created_at": "2025-06-24T12:46:39.684Z"
  }
},
{
  "model": "admin_logs.adminactionlog",
  "pk": 43,
  "fields": {
    "user": null,
    "action": "create",
    "app_label": "facilities",
    "model_name": "review",
    "object_id": 11,
    "changes": {},
    "access_level": null,
    "ip_address": null,
    "created_at": "2025-06-24T12:46:39.684Z"
  }
},
{
  "model": "admin_logs.adminactionlog",
  "pk": 44,
  "fields": {
    "user": null,
    "action": "create",
    "app_label": "facilities",
    "model_name": "review",
    "object_id": 12,
    "changes": {},
    "access_level": null,
    "ip_address": null,
    "created_at": "2025-06-24T12:46:39.685Z"
  }
},
{
  "model": "admin_logs.adminactionlog",
  "pk": 45,
  "fields": {
    "user": null,
    "action": "create",
    "app_label": "facilities",
    "model_name": "review",
    "object_id": 13,
    "changes": {},
    "access_level": null,
    "ip_address": null,
    "created_at": "2025-06-24T12:46:39.686Z"
  }
},
{
  "model": "admin_logs.adminactionlog",
  "pk": 46,
  "fields": {
    "user": null,
    "action": "create",
    "app_label": "facilities",
    "model_name": "review",
    "object_id": 14,
    "changes": {},
    "access_level": null,
    "ip_address": null,
    "created_at": "2025-06-24T12:46:39.686Z"
  }
},
{
  "model": "admin_logs.adminactionlog",
  "pk": 47,
  "fields": {
    "user": null,
    "action": "create",
    "app_label": "staff",
    "model_name": "specialization",
    "object_id": 1,
    "changes": {},
    "access_level": null,
    "ip_address": null,
    "created_at": "2025-06-24T12:46:48.817Z"
  }
},
{
  "model": "admin_logs.adminactionlog",
  "pk": 48,
  "fields": {
    "user": null,
    "action": "create",
    "app_label": "staff",
    "model_name": "specialization",
    "object_id": 2,
    "changes": {},
    "access_level": null,
    "ip_address": null,
    "created_at": "2025-06-24T12:46:48.818Z"
  }
},
{
  "model": "admin_logs.adminactionlog",
  "pk": 49,
  "fields": {
    "user": null,
    "action": "create",
    "app_label": "staff",
    "model_name": "specialization",
    "object_id": 3,
    "changes": {},
    "access_level": null,
    "ip_address": null,
    "created_at": "2025-06-24T12:46:48.819Z"
  }
},
{
  "model": "admin_logs.adminactionlog",
  "pk": 50,
  "fields": {
    "user": null,
    "action": "create",
    "app_label": "staff",
    "model_name": "specialization",
    "object_id": 4,
    "changes": {},
    "access_level": null,
    "ip_address": null,
    "created_at": "2025-06-24T12:46:48.819Z"
  }
},
{
  "model": "admin_logs.adminactionlog",
  "pk": 51,
  "fields": {
    "user": null,
    "action": "create",
    "app_label": "staff",
    "model_name": "specialization",
    "object_id": 5,
    "changes": {},
    "access_level": null,
    "ip_address": null,
    "created_at": "2025-06-24T12:46:48.820Z"
  }
},
{
  "model": "admin_logs.adminactionlog",
  "pk": 52,
  "fields": {
    "user": null,
    "action": "create",
    "app_label": "staff",
    "model_name": "specialization",
    "object_id": 6,
    "changes": {},
    "access_level": null,
    "ip_address": null,
    "created_at": "2025-06-24T12:46:48.820Z"
  }
},
{
  "model": "admin_logs.adminactionlog",
  "pk": 53,
  "fields": {
    "user": null,
    "action": "create",
    "app_label": "staff",
    "model_name": "specialization",
    "object_id": 7,
    "changes": {},
    "access_level": null,
    "ip_address": null,
    "created_at": "2025-06-24T12:46:48.821Z"
  }
},
{
  "model": "admin_logs.adminactionlog",
  "pk": 54,
  "fields": {
    "user": null,
    "action": "create",
    "app_label": "staff",
    "model_name": "specialization",
    "object_id": 8,
    "changes": {},
    "access_level": null,
    "ip_address": null,
    "created_at": "2025-06-24T12:46:48.821Z"
  }
},
{
  "model": "admin_logs.adminactionlog",
  "pk": 55,
  "fields": {
    "user": null,
    "action": "create",
    "app_label": "staff",
    "model_name": "specialization",
    "object_id": 9,
    "changes": {},
    "access_level": null,
    "ip_address": null,
    "created_at": "2025-06-24T12:46:48.821Z"
  }
},
{
  "model": "admin_logs.adminactionlog",
  "pk": 56,
  "fields": {
    "user": null,
    "action": "create",
    "app_label": "staff",
    "model_name": "specialization",
    "object_id": 10,
    "changes": {},
    "access_level": null,
    "ip_address": null,
    "created_at": "2025-06-24T12:46:48.822Z"
  }
},
{
  "model": "admin_logs.adminactionlog",
  "pk": 57,
  "fields": {
    "user": null,
    "action": "create",
    "app_label": "recovery_stories",
    "model_name": "recoverycategory",
    "object_id": 1,
    "changes": {},
    "access_level": null,
    "ip_address": null,
    "created_at": "2025-06-24T12:46:56.640Z"
  }
},
{
  "model": "admin_logs.adminactionlog",
  "pk": 58,
  "fields": {
    "user": null,
    "action": "create",
    "app_label": "recovery_stories",
    "model_name": "recoverycategory",
    "object_id": 2,
    "changes": {},
    "access_level": null,
    "ip_address": null,
    "created_at": "2025-06-24T12:46:56.641Z"
  }
},
{
  "model": "admin_logs.adminactionlog",
  "pk": 59,
  "fields": {
    "user": null,
    "action": "create",
    "app_label": "recovery_stories",
    "model_name": "recoverycategory",
    "object_id": 3,
    "changes": {},
    "access_level": null,
    "ip_address": null,
    "created_at": "2025-06-24T12:46:56.642Z"
  }
},
{
  "model": "admin_logs.adminactionlog",
  "pk": 60,
  "fields": {
    "user": null,
    "action": "create",
    "app_label": "recovery_stories",
    "model_name": "recoverycategory",
    "object_id": 4,
    "changes": {},
    "access_level": null,
    "ip_address": null,
    "created_at": "2025-06-24T12:46:56.643Z"
  }
},
{
  "model": "admin_logs.adminactionlog",
  "pk": 61,
  "fields": {
    "user": null,
    "action": "create",
    "app_label": "recovery_stories",
    "model_name": "recoverycategory",
    "object_id": 5,
    "changes": {},
    "access_level": null,
    "ip_address": null,
    "created_at": "2025-06-24T12:46:56.644Z"
  }
},
{
  "model": "admin_logs.adminactionlog",
  "pk": 62,
  "fields": {
    "user": null,
    "action": "create",
    "app_label": "recovery_stories",
    "model_name": "recoverycategory",
    "object_id": 6,
    "changes": {},
    "access_level": null,
    "ip_address": null,
    "created_at": "2025-06-24T12:46:56.645Z"
  }
},
{
  "model": "admin_logs.adminactionlog",
  "pk": 63,
  "fields": {
    "user": null,
    "action": "create",
    "app_label": "recovery_stories",
    "model_name": "recoverycategory",
    "object_id": 7,
    "changes": {},
    "access_level": null,
    "ip_address": null,
    "created_at": "2025-06-24T12:46:56.646Z"
  }
},
{
  "model": "admin_logs.adminactionlog",
  "pk": 64,
  "fields": {
    "user": null,
    "action": "create",
    "app_label": "recovery_stories",
    "model_name": "recoverycategory",
    "object_id": 8,
    "changes": {},
    "access_level": null,
    "ip_address": null,
    "created_at": "2025-06-24T12:46:56.647Z"
  }
},
{
  "model": "admin_logs.adminactionlog",
  "pk": 65,
  "fields": {
    "user": null,
    "action": "create",
    "app_label": "recovery_stories",
    "model_name": "recoverycategory",
    "object_id": 9,
    "changes": {},
    "access_level": null,
    "ip_address": null,
    "created_at": "2025-06-24T12:46:56.648Z"
  }
},
{
  "model": "admin_logs.adminactionlog",
  "pk": 66,
  "fields": {
    "user": null,
    "action": "create",
    "app_label": "recovery_stories",
    "model_name": "recoverycategory",
    "object_id": 10,
    "changes": {},
    "access_level": null,
    "ip_address": null,
    "created_at": "2025-06-24T12:46:56.650Z"
  }
},
{
  "model": "admin_logs.adminactionlog",
  "pk": 67,
  "fields": {
    "user": null,
    "action": "create",
    "app_label": "recovery_stories",
    "model_name": "recoverycategory",
    "object_id": 11,
    "changes": {},
    "access_level": null,
    "ip_address": null,
    "created_at": "2025-06-24T12:46:56.651Z"
  }
},
{
  "model": "admin_logs.adminactionlog",
  "pk": 68,
  "fields": {
    "user": null,
    "action": "update",
    "app_label": "facilities",
    "model_name": "organizationtype",
    "object_id": 1,
    "changes": {},
    "access_level": null,
    "ip_address": null,
    "created_at": "2025-06-27T08:20:00.427Z"
  }
},
{
  "model": "admin_logs.adminactionlog",
  "pk": 69,
  "fields": {
    "user": null,
    "action": "update",
    "app_label": "facilities",
    "model_name": "organizationtype",
    "object_id": 2,
    "changes": {},
    "access_level": null,
    "ip_address": null,
    "created_at": "2025-06-27T08:20:00.428Z"
  }
},
{
  "model": "admin_logs.adminactionlog",
  "pk": 70,
  "fields": {
    "user": null,
    "action": "update",
    "app_label": "facilities",
    "model_name": "organizationtype",
    "object_id": 1,
    "changes": {},
    "access_level": null,
    "ip_address": null,
    "created_at": "2025-06-27T08:20:05.082Z"
  }
},
{
  "model": "admin_logs.adminactionlog",
  "pk": 71,
  "fields": {
    "user": null,
    "action": "update",
    "app_label": "facilities",
    "model_name": "organizationtype",
    "object_id": 2,
    "changes": {},
    "access_level": null,
    "ip_address": null,
    "created_at": "2025-06-27T08:20:05.083Z"
  }
},
{
  "model": "admin_logs.adminactionlog",
  "pk": 72,
  "fields": {
    "user": null,
    "action": "update",
    "app_label": "facilities",
    "model_name": "clinic",
    "object_id": 1,
    "changes": {},
    "access_level": null,
    "ip_address": null,
    "created_at": "2025-06-27T08:20:05.090Z"
  }
},
{
  "model": "admin_logs.adminactionlog",
  "pk": 73,
  "fields": {
    "user": null,
    "action": "update",
    "app_label": "facilities",
    "model_name": "clinic",
    "object_id": 2,
    "changes": {},
    "access_level": null,
    "ip_address": null,
    "created_at": "2025-06-27T08:20:05.093Z"
  }
},
{
  "model": "admin_logs.adminactionlog",
  "pk": 74,
  "fields": {
    "user": null,
    "action": "update",
    "app_label": "facilities",
    "model_name": "clinic",
    "object_id": 3,
    "changes": {},
    "access_level": null,
    "ip_address": null,
    "created_at": "2025-06-27T08:20:05.095Z"
  }
},
{
  "model": "admin_logs.adminactionlog",
  "pk": 75,
  "fields": {
    "user": null,
    "action": "update",
    "app_label": "facilities",
    "model_name": "clinic",
    "object_id": 4,
    "changes": {},
    "access_level": null,
    "ip_address": null,
    "created_at": "2025-06-27T08:20:05.097Z"
  }
},
{
  "model": "admin_logs.adminactionlog",
  "pk": 76,
  "fields": {
    "user": null,
    "action": "update",
    "app_label": "facilities",
    "model_name": "clinic",
    "object_id": 5,
    "changes": {},
    "access_level": null,
    "ip_address": null,
    "created_at": "2025-06-27T08:20:05.099Z"
  }
},
{
  "model": "admin_logs.adminactionlog",
  "pk": 77,
  "fields": {
    "user": null,
    "action": "update",
    "app_label": "facilities",
    "model_name": "clinic",
    "object_id": 6,
    "changes": {},
    "access_level": null,
    "ip_address": null,
    "created_at": "2025-06-27T08:20:05.101Z"
  }
},
{
  "model": "admin_logs.adminactionlog",
  "pk": 78,
  "fields": {
    "user": null,
    "action": "update",
    "app_label": "facilities",
    "model_name": "clinic",
    "object_id": 7,
    "changes": {},
    "access_level": null,
    "ip_address": null,
    "created_at": "2025-06-27T08:20:05.103Z"
  }
},
{
  "model": "admin_logs.adminactionlog",
  "pk": 79,
  "fields": {
    "user": null,
    "action": "update",
    "app_label": "facilities",
    "model_name": "clinic",
    "object_id": 8,
    "changes": {},
    "access_level": null,
    "ip_address": null,
    "created_at": "2025-06-27T08:20:05.104Z"
  }
},
{
  "model": "admin_logs.adminactionlog",
  "pk": 80,
  "fields": {
    "user": null,
    "action": "update",
    "app_label": "facilities",
    "model_name": "clinic",
    "object_id": 9,
    "changes": {},
    "access_level": null,
    "ip_address": null,
    "created_at": "2025-06-27T08:20:05.106Z"
  }
},
{
  "model": "admin_logs.adminactionlog",
  "pk": 81,
  "fields": {
    "user": null,
    "action": "update",
    "app_label": "facilities",
    "model_name": "clinic",
    "object_id": 10,
    "changes": {},
    "access_level": null,
    "ip_address": null,
    "created_at": "2025-06-27T08:20:05.108Z"
  }
},
{
  "model": "admin_logs.adminactionlog",
  "pk": 82,
  "fields": {
    "user": null,
    "action": "update",
    "app_label": "facilities",
    "model_name": "clinic",
    "object_id": 11,
    "changes": {},
    "access_level": null,
    "ip_address": null,
    "created_at": "2025-06-27T08:20:05.110Z"
  }
},
{
  "model": "admin_logs.adminactionlog",
  "pk": 83,
  "fields": {
    "user": null,
    "action": "update",
    "app_label": "facilities",
    "model_name": "clinic",
    "object_id": 12,
    "changes": {},
    "access_level": null,
    "ip_address": null,
    "created_at": "2025-06-27T08:20:05.112Z"
  }
},
{
  "model": "admin_logs.adminactionlog",
  "pk": 84,
  "fields": {
    "user": null,
    "action": "update",
    "app_label": "facilities",
    "model_name": "clinic",
    "object_id": 13,
    "changes": {},
    "access_level": null,
    "ip_address": null,
    "created_at": "2025-06-27T08:20:05.114Z"
  }
},
{
  "model": "admin_logs.adminactionlog",
  "pk": 85,
  "fields": {
    "user": null,
    "action": "update",
    "app_label": "facilities",
    "model_name": "clinic",
    "object_id": 14,
    "changes": {},
    "access_level": null,
    "ip_address": null,
    "created_at": "2025-06-27T08:20:05.116Z"
  }
},
{
  "model": "admin_logs.adminactionlog",
  "pk": 86,
  "fields": {
    "user": null,
    "action": "update",
    "app_label": "facilities",
    "model_name": "clinic",
    "object_id": 15,
    "changes": {},
    "access_level": null,
    "ip_address": null,
    "created_at": "2025-06-27T08:20:05.118Z"
  }
},
{
  "model": "admin_logs.adminactionlog",
  "pk": 87,
  "fields": {
    "user": null,
    "action": "update",
    "app_label": "facilities",
    "model_name": "rehabcenter",
    "object_id": 1,
    "changes": {},
    "access_level": null,
    "ip_address": null,
    "created_at": "2025-06-27T08:20:05.125Z"
  }
},
{
  "model": "admin_logs.adminactionlog",
  "pk": 88,
  "fields": {
    "user": null,
    "action": "update",
    "app_label": "facilities",
    "model_name": "rehabcenter",
    "object_id": 2,
    "changes": {},
    "access_level": null,
    "ip_address": null,
    "created_at": "2025-06-27T08:20:05.127Z"
  }
},
{
  "model": "admin_logs.adminactionlog",
  "pk": 89,
  "fields": {
    "user": null,
    "action": "update",
    "app_label": "facilities",
    "model_name": "rehabcenter",
    "object_id": 3,
    "changes": {},
    "access_level": null,
    "ip_address": null,
    "created_at": "2025-06-27T08:20:05.129Z"
  }
},
{
  "model": "admin_logs.adminactionlog",
  "pk": 90,
  "fields": {
    "user": null,
    "action": "update",
    "app_label": "facilities",
    "model_name": "rehabcenter",
    "object_id": 4,
    "changes": {},
    "access_level": null,
    "ip_address": null,
    "created_at": "2025-06-27T08:20:05.131Z"
  }
},
{
  "model": "admin_logs.adminactionlog",
  "pk": 91,
  "fields": {
    "user": null,
    "action": "update",
    "app_label": "facilities",
    "model_name": "rehabcenter",
    "object_id": 5,
    "changes": {},
    "access_level": null,
    "ip_address": null,
    "created_at": "2025-06-27T08:20:05.133Z"
  }
},
{
  "model": "admin_logs.adminactionlog",
  "pk": 92,
  "fields": {
    "user": null,
    "action": "update",
    "app_label": "facilities",
    "model_name": "rehabcenter",
    "object_id": 6,
    "changes": {},
    "access_level": null,
    "ip_address": null,
    "created_at": "2025-06-27T08:20:05.135Z"
  }
},
{
  "model": "admin_logs.adminactionlog",
  "pk": 93,
  "fields": {
    "user": null,
    "action": "update",
    "app_label": "facilities",
    "model_name": "rehabcenter",
    "object_id": 7,
    "changes": {},
    "access_level": null,
    "ip_address": null,
    "created_at": "2025-06-27T08:20:05.138Z"
  }
},
{
  "model": "admin_logs.adminactionlog",
  "pk": 94,
  "fields": {
    "user": null,
    "action": "update",
    "app_label": "facilities",
    "model_name": "rehabcenter",
    "object_id": 8,
    "changes": {},
    "access_level": null,
    "ip_address": null,
    "created_at": "2025-06-27T08:20:05.140Z"
  }
},
{
  "model": "admin_logs.adminactionlog",
  "pk": 95,
  "fields": {
    "user": null,
    "action": "update",
    "app_label": "facilities",
    "model_name": "rehabcenter",
    "object_id": 9,
    "changes": {},
    "access_level": null,
    "ip_address": null,
    "created_at": "2025-06-27T08:20:05.142Z"
  }
},
{
  "model": "admin_logs.adminactionlog",
  "pk": 96,
  "fields": {
    "user": null,
    "action": "update",
    "app_label": "facilities",
    "model_name": "rehabcenter",
    "object_id": 10,
    "changes": {},
    "access_level": null,
    "ip_address": null,
    "created_at": "2025-06-27T08:20:05.144Z"
  }
},
{
  "model": "admin_logs.adminactionlog",
  "pk": 97,
  "fields": {
    "user": null,
    "action": "update",
    "app_label": "facilities",
    "model_name": "rehabcenter",
    "object_id": 11,
    "changes": {},
    "access_level": null,
    "ip_address": null,
    "created_at": "2025-06-27T08:20:05.146Z"
  }
},
{
  "model": "admin_logs.adminactionlog",
  "pk": 98,
  "fields": {
    "user": null,
    "action": "update",
    "app_label": "facilities",
    "model_name": "rehabcenter",
    "object_id": 12,
    "changes": {},
    "access_level": null,
    "ip_address": null,
    "created_at": "2025-06-27T08:20:05.148Z"
  }
},
{
  "model": "admin_logs.adminactionlog",
  "pk": 99,
  "fields": {
    "user": null,
    "action": "update",
    "app_label": "facilities",
    "model_name": "rehabcenter",
    "object_id": 13,
    "changes": {},
    "access_level": null,
    "ip_address": null,
    "created_at": "2025-06-27T08:20:05.150Z"
  }
},
{
  "model": "admin_logs.adminactionlog",
  "pk": 100,
  "fields": {
    "user": null,
    "action": "update",
    "app_label": "facilities",
    "model_name": "rehabcenter",
    "object_id": 14,
    "changes": {},
    "access_level": null,
    "ip_address": null,
    "created_at": "2025-06-27T08:20:05.152Z"
  }
},
{
  "model": "admin_logs.adminactionlog",
  "pk": 101,
  "fields": {
    "user": null,
    "action": "update",
    "app_label": "facilities",
    "model_name": "rehabcenter",
    "object_id": 15,
    "changes": {},
    "access_level": null,
    "ip_address": null,
    "created_at": "2025-06-27T08:20:05.154Z"
  }
},
{
  "model": "admin_logs.adminactionlog",
  "pk": 102,
  "fields": {
    "user": null,
    "action": "update",
    "app_label": "facilities",
    "model_name": "review",
    "object_id": 1,
    "changes": {},
    "access_level": null,
    "ip_address": null,
    "created_at": "2025-06-27T08:20:05.160Z"
  }
},
{
  "model": "admin_logs.adminactionlog",
  "pk": 103,
  "fields": {
    "user": null,
    "action": "update",
    "app_label": "facilities",
    "model_name": "review",
    "object_id": 2,
    "changes": {},
    "access_level": null,
    "ip_address": null,
    "created_at": "2025-06-27T08:20:05.161Z"
  }
},
{
  "model": "admin_logs.adminactionlog",
  "pk": 104,
  "fields": {
    "user": null,
    "action": "update",
    "app_label": "facilities",
    "model_name": "review",
    "object_id": 3,
    "changes": {},
    "access_level": null,
    "ip_address": null,
    "created_at": "2025-06-27T08:20:05.162Z"
  }
},
{
  "model": "admin_logs.adminactionlog",
  "pk": 105,
  "fields": {
    "user": null,
    "action": "update",
    "app_label": "facilities",
    "model_name": "review",
    "object_id": 4,
    "changes": {},
    "access_level": null,
    "ip_address": null,
    "created_at": "2025-06-27T08:20:05.163Z"
  }
},
{
  "model": "admin_logs.adminactionlog",
  "pk": 106,
  "fields": {
    "user": null,
    "action": "update",
    "app_label": "facilities",
    "model_name": "review",
    "object_id": 5,
    "changes": {},
    "access_level": null,
    "ip_address": null,
    "created_at": "2025-06-27T08:20:05.164Z"
  }
},
{
  "model": "admin_logs.adminactionlog",
  "pk": 107,
  "fields": {
    "user": null,
    "action": "update",
    "app_label": "facilities",
    "model_name": "review",
    "object_id": 6,
    "changes": {},
    "access_level": null,
    "ip_address": null,
    "created_at": "2025-06-27T08:20:05.165Z"
  }
},
{
  "model": "admin_logs.adminactionlog",
  "pk": 108,
  "fields": {
    "user": null,
    "action": "update",
    "app_label": "facilities",
    "model_name": "review",
    "object_id": 7,
    "changes": {},
    "access_level": null,
    "ip_address": null,
    "created_at": "2025-06-27T08:20:05.166Z"
  }
},
{
  "model": "admin_logs.adminactionlog",
  "pk": 109,
  "fields": {
    "user": null,
    "action": "update",
    "app_label": "facilities",
    "model_name": "review",
    "object_id": 8,
    "changes": {},
    "access_level": null,
    "ip_address": null,
    "created_at": "2025-06-27T08:20:05.167Z"
  }
},
{
  "model": "admin_logs.adminactionlog",
  "pk": 110,
  "fields": {
    "user": null,
    "action": "update",
    "app_label": "facilities",
    "model_name": "review",
    "object_id": 9,
    "changes": {},
    "access_level": null,
    "ip_address": null,
    "created_at": "2025-06-27T08:20:05.168Z"
  }
},
{
  "model": "admin_logs.adminactionlog",
  "pk": 111,
  "fields": {
    "user": null,
    "action": "update",
    "app_label": "facilities",
    "model_name": "review",
    "object_id": 10,
    "changes": {},
    "access_level": null,
    "ip_address": null,
    "created_at": "2025-06-27T08:20:05.169Z"
  }
},
{
  "model": "admin_logs.adminactionlog",
  "pk": 112,
  "fields": {
    "user": null,
    "action": "update",
    "app_label": "facilities",
    "model_name": "review",
    "object_id": 11,
    "changes": {},
    "access_level": null,
    "ip_address": null,
    "created_at": "2025-06-27T08:20:05.170Z"
  }
},
{
  "model": "admin_logs.adminactionlog",
  "pk": 113,
  "fields": {
    "user": null,
    "action": "update",
    "app_label": "facilities",
    "model_name": "review",
    "object_id": 12,
    "changes": {},
    "access_level": null,
    "ip_address": null,
    "created_at": "2025-06-27T08:20:05.171Z"
  }
},
{
  "model": "admin_logs.adminactionlog",
  "pk": 114,
  "fields": {
    "user": null,
    "action": "update",
    "app_label": "facilities",
    "model_name": "review",
    "object_id": 13,
    "changes": {},
    "access_level": null,
    "ip_address": null,
    "created_at": "2025-06-27T08:20:05.172Z"
  }
},
{
  "model": "admin_logs.adminactionlog",
  "pk": 115,
  "fields": {
    "user": null,
    "action": "update",
    "app_label": "facilities",
    "model_name": "review",
    "object_id": 14,
    "changes": {},
    "access_level": null,
    "ip_address": null,
    "created_at": "2025-06-27T08:20:05.174Z"
  }
},
{
  "model": "admin_logs.adminactionlog",
  "pk": 116,
  "fields": {
    "user": null,
    "action": "create",
    "app_label": "facilities",
    "model_name": "organizationtype",
    "object_id": 3,
    "changes": {},
    "access_level": null,
    "ip_address": null,
    "created_at": "2025-06-27T08:20:13.899Z"
  }
},
{
  "model": "admin_logs.adminactionlog",
  "pk": 117,
  "fields": {
    "user": null,
    "action": "delete",
    "app_label": "facilities",
    "model_name": "organizationtype",
    "object_id": 3,
    "changes": {},
    "access_level": null,
    "ip_address": null,
    "created_at": "2025-06-27T08:21:01.728Z"
  }
},
{
  "model": "admin_logs.adminactionlog",
  "pk": 118,
  "fields": {
    "user": null,
    "action": "create",
    "app_label": "requests",
    "model_name": "anonymousrequest",
    "object_id": 1,
    "changes": {},
    "access_level": null,
    "ip_address": null,
    "created_at": "2025-06-27T09:45:04.811Z"
  }
},
{
  "model": "admin_logs.adminactionlog",
  "pk": 119,
  "fields": {
    "user": null,
    "action": "create",
    "app_label": "requests",
    "model_name": "anonymousrequest",
    "object_id": 2,
    "changes": {},
    "access_level": null,
    "ip_address": null,
    "created_at": "2025-06-27T09:45:21.993Z"
  }
},
{
  "model": "admin_logs.adminactionlog",
  "pk": 120,
  "fields": {
    "user": null,
    "action": "create",
    "app_label": "facilities",
    "model_name": "rehabcenter",
    "object_id": 16,
    "changes": {},
    "access_level": null,
    "ip_address": null,
    "created_at": "2025-07-01T11:27:19.681Z"
  }
},
{
  "model": "admin_logs.adminactionlog",
  "pk": 121,
  "fields": {
    "user": null,
    "action": "update",
    "app_label": "facilities",
    "model_name": "rehabcenter",
    "object_id": 16,
    "changes": {
      "updated_at": {
        "old": "2025-07-01T11:27:19.679696+00:00",
        "new": "2025-07-01T12:56:22.752819+00:00"
      },
      "description": {
        "old": "йцвайцвйцв ауцдолауцлдор аудцйотдцйоацдуотра   дуцайодцуоадэуцйаоуцдйаоцуаоуцлодауцоа   уаолаулоцоиалуцоиа   уацлодицулоаиуцлоиалоау   уалоиулацоижлуаои",
        "new": "йцвайцвйцв ауцдолауцлдор аудцйотдцйоацдуотра   дуцайодцуоадэуцйаоуцдйаоцуаоуцлодауцоа   уаолаулоцоиалуцоиа   уацлодицулоаиуцлоиалоау   уалоиулацоижлуаоиddddddddddddddddddddddddddddddddddddddddddddddddddddddddddddddddddddddddddddddddddddddddddddddddddddddddddddddddddddddddddddddddddddddddddddddddddddddddddddddddddddddddddd"
      }
    },
    "access_level": null,
    "ip_address": null,
    "created_at": "2025-07-01T12:56:22.756Z"
  }
},
{
  "model": "admin_logs.adminactionlog",
  "pk": 122,
  "fields": {
    "user": null,
    "action": "create",
    "app_label": "requests",
    "model_name": "anonymousrequest",
    "object_id": 3,
    "changes": {},
    "access_level": null,
    "ip_address": null,
    "created_at": "2025-07-01T22:36:12.408Z"
  }
},
{
  "model": "admin_logs.adminactionlog",
  "pk": 123,
  "fields": {
    "user": null,
    "action": "create",
    "app_label": "requests",
    "model_name": "requeststatushistory",
    "object_id": 1,
    "changes": {},
    "access_level": null,
    "ip_address": null,
    "created_at": "2025-07-03T13:12:03.797Z"
  }
},
{
  "model": "admin_logs.adminactionlog",
  "pk": 124,
  "fields": {
    "user": null,
    "action": "create",
    "app_label": "requests",
    "model_name": "requestactionlog",
    "object_id": 1,
    "changes": {},
    "access_level": null,
    "ip_address": null,
    "created_at": "2025-07-03T13:12:03.798Z"
  }
},
{
  "model": "admin_logs.adminactionlog",
  "pk": 125,
  "fields": {
    "user": null,
    "action": "update",
    "app_label": "requests",
    "model_name": "anonymousrequest",
    "object_id": 3,
    "changes": {
      "updated_at": {
        "old": "2025-07-01T22:36:12.401827+00:00",
        "new": "2025-07-03T13:12:03.798871+00:00"
      },
      "status": {
        "old": "new",
        "new": "commission_received"
      },
      "priority": {
        "old": "medium",
        "new": "urgent"
      },
      "commission_received_date": {
        "old": null,
        "new": "2025-07-03"
      },
      "updated_by": {
        "old": null,
        "new": "admin"
      }
    },
    "access_level": null,
    "ip_address": null,
    "created_at": "2025-07-03T13:12:03.799Z"
  }
},
{
  "model": "admin_logs.adminactionlog",
  "pk": 126,
  "fields": {
    "user": null,
    "action": "create",
    "app_label": "requests",
    "model_name": "anonymousrequest",
    "object_id": 4,
    "changes": {},
    "access_level": null,
    "ip_address": null,
    "created_at": "2025-07-03T13:14:26.082Z"
  }
},
{
  "model": "admin_logs.adminactionlog",
  "pk": 127,
  "fields": {
    "user": null,
    "action": "update",
    "app_label": "facilities",
    "model_name": "clinic",
    "object_id": 1,
    "changes": {
      "updated_at": {
        "old": "2024-04-07T21:00:00+00:00",
        "new": "2025-07-07T10:54:16.142361+00:00"
      },
      "description": {
        "old": "Современный медицинский центр с широким спектром услуг",
        "new": "Современный медицинский центр с широким спектром услуг jjjjjjjjjjjjjjjjjjjjjjjjjjjjjjjjjjjjjjjjjjjjjjjjjjjjjjjjjjjjjjjjjjjjjjjjjjjjjjjjjjjjjjjjjjjjjjjjjjjjjjjjjjjjjjjjjjjjjjjjjjjjjjjjjjjjjjjjjjjjjjjjjjjjjjjjjjjjjjjjjjjjjjjjjjjjjjjjjjjjjjjjjjjjjjjjjjjjjjjjjjjjjjjjjjjjjjjjjjjjjjjjjjjjjjjjjjjjjjjjjjjjjjjjjjjjjjjjjjjjjjjjjjjjjjjjjjjjjjjjjjjjjjjjjjjjjjjjjjjjjjjjjjjjjjjjjjjjjjjjjjjjjjjjjjjjjjjjjjjjjjjj"
      }
    },
    "access_level": null,
    "ip_address": null,
    "created_at": "2025-07-07T10:54:16.145Z"
  }
},
{
  "model": "admin_logs.adminactionlog",
  "pk": 128,
  "fields": {
    "user": null,
    "action": "update",
    "app_label": "facilities",
    "model_name": "clinic",
    "object_id": 1,
    "changes": {
      "updated_at": {
        "old": "2025-07-07T10:54:16.142361+00:00",
        "new": "2025-07-07T13:25:28.032298+00:00"
      }
    },
    "access_level": null,
    "ip_address": null,
    "created_at": "2025-07-07T13:25:28.033Z"
  }
},
{
  "model": "admin_logs.adminactionlog",
  "pk": 129,
  "fields": {
    "user": null,
    "action": "create",
    "app_label": "staff",
    "model_name": "facilityspecialist",
    "object_id": 1,
    "changes": {},
    "access_level": null,
    "ip_address": null,
    "created_at": "2025-07-07T13:25:28.037Z"
  }
},
{
  "model": "admin_logs.adminactionlog",
  "pk": 130,
  "fields": {
    "user": null,
    "action": "update",
    "app_label": "staff",
    "model_name": "facilityspecialist",
    "object_id": 1,
    "changes": {
      "updated_at": {
        "old": "2025-07-07T13:26:28.930179+00:00",
        "new": "2025-07-07T13:28:45.262125+00:00"
      },
      "education": {
        "old": "",
        "new": "Первый Московский государственный медицинский университет им. И.М. Сеченова, Факультет: Лечебное дело\r\n\r\nГод окончания: 2008\r\n\r\nКвалификация: Врач общей практики"
      },
      "biography": {
        "old": null,
        "new": ""
      },
      "achievements": {
        "old": null,
        "new": ""
      }
    },
    "access_level": null,
    "ip_address": null,
    "created_at": "2025-07-07T13:28:45.263Z"
  }
},
{
  "model": "admin_logs.adminactionlog",
  "pk": 131,
  "fields": {
    "user": null,
    "action": "create",
    "app_label": "requests",
    "model_name": "anonymousrequest",
    "object_id": 5,
    "changes": {},
    "access_level": null,
    "ip_address": null,
    "created_at": "2025-07-08T12:21:03.736Z"
  }
},
{
  "model": "admin_logs.adminactionlog",
  "pk": 132,
  "fields": {
    "user": null,
    "action": "create",
    "app_label": "requests",
    "model_name": "anonymousrequest",
    "object_id": 6,
    "changes": {},
    "access_level": null,
    "ip_address": null,
    "created_at": "2025-07-08T12:59:30.316Z"
  }
},
{
  "model": "admin_logs.adminactionlog",
  "pk": 133,
  "fields": {
    "user": null,
    "action": "update",
    "app_label": "facilities",
    "model_name": "clinic",
    "object_id": 1,
    "changes": {
      "updated_at": {
        "old": "2025-07-07T13:25:28.032298+00:00",
        "new": "2025-07-08T13:36:36.501940+00:00"
      }
    },
    "access_level": null,
    "ip_address": null,
    "created_at": "2025-07-08T13:36:36.504Z"
  }
},
{
  "model": "admin_logs.adminactionlog",
  "pk": 134,
  "fields": {
    "user": null,
    "action": "create",
    "app_label": "facilities",
    "model_name": "facilitydocument",
    "object_id": 1,
    "changes": {},
    "access_level": null,
    "ip_address": null,
    "created_at": "2025-07-08T13:36:36.507Z"
  }
},
{
  "model": "admin_logs.adminactionlog",
  "pk": 135,
  "fields": {
    "user": null,
    "action": "create",
    "app_label": "facilities",
    "model_name": "facilitydocument",
    "object_id": 2,
    "changes": {},
    "access_level": null,
    "ip_address": null,
    "created_at": "2025-07-08T13:36:36.509Z"
  }
},
{
  "model": "admin_logs.adminactionlog",
  "pk": 136,
  "fields": {
    "user": null,
    "action": "create",
    "app_label": "facilities",
    "model_name": "rehabcenter",
    "object_id": 17,
    "changes": {},
    "access_level": null,
    "ip_address": null,
    "created_at": "2025-07-08T14:01:08.066Z"
  }
},
{
  "model": "admin_logs.adminactionlog",
  "pk": 137,
  "fields": {
    "user": null,
    "action": "update",
    "app_label": "facilities",
    "model_name": "rehabcenter",
    "object_id": 16,
    "changes": {
      "updated_at": {
        "old": "2025-07-01T12:56:22.752819+00:00",
        "new": "2025-07-08T14:06:38.769424+00:00"
      }
    },
    "access_level": null,
    "ip_address": null,
    "created_at": "2025-07-08T14:06:38.771Z"
  }
},
{
  "model": "admin_logs.adminactionlog",
  "pk": 138,
  "fields": {
    "user": null,
    "action": "create",
    "app_label": "staff",
    "model_name": "facilityspecialist",
    "object_id": 2,
    "changes": {},
    "access_level": null,
    "ip_address": null,
    "created_at": "2025-07-08T14:06:38.774Z"
  }
},
{
  "model": "admin_logs.adminactionlog",
  "pk": 139,
  "fields": {
    "user": null,
    "action": "update",
    "app_label": "facilities",
    "model_name": "rehabcenter",
    "object_id": 16,
    "changes": {
      "updated_at": {
        "old": "2025-07-08T14:06:38.769424+00:00",
        "new": "2025-07-08T14:23:45.472759+00:00"
      }
    },
    "access_level": null,
    "ip_address": null,
    "created_at": "2025-07-08T14:23:45.475Z"
  }
},
{
  "model": "admin_logs.adminactionlog",
  "pk": 140,
  "fields": {
    "user": null,
    "action": "create",
    "app_label": "staff",
    "model_name": "facilityspecialist",
    "object_id": 3,
    "changes": {},
    "access_level": null,
    "ip_address": null,
    "created_at": "2025-07-08T14:23:45.478Z"
  }
},
{
  "model": "admin_logs.adminactionlog",
  "pk": 141,
  "fields": {
    "user": null,
    "action": "create",
    "app_label": "facilities",
    "model_name": "privatedoctor",
    "object_id": 1,
    "changes": {},
    "access_level": null,
    "ip_address": null,
    "created_at": "2025-07-12T13:45:07.033Z"
  }
},
{
  "model": "admin_logs.adminactionlog",
  "pk": 142,
  "fields": {
    "user": null,
    "action": "create",
    "app_label": "facilities",
    "model_name": "organizationtype",
    "object_id": 4,
    "changes": {},
    "access_level": null,
    "ip_address": null,
    "created_at": "2025-07-12T14:16:26.668Z"
  }
},
{
  "model": "admin_logs.adminactionlog",
  "pk": 143,
  "fields": {
    "user": null,
    "action": "update",
    "app_label": "facilities",
    "model_name": "privatedoctor",
    "object_id": 1,
    "changes": {
      "updated_at": {
        "old": "2025-07-12T13:45:07.032514+00:00",
        "new": "2025-07-12T14:38:45.627967+00:00"
      },
      "name": {
        "old": "",
        "new": "Гордиенко Сергей"
      },
      "organization_type": {
        "old": null,
        "new": "OrganizationType object (4)"
      }
    },
    "access_level": null,
    "ip_address": null,
    "created_at": "2025-07-12T14:38:45.629Z"
  }
},
{
  "model": "admin_logs.adminactionlog",
  "pk": 144,
  "fields": {
    "user": null,
    "action": "update",
    "app_label": "facilities",
    "model_name": "privatedoctor",
    "object_id": 1,
    "changes": {
      "updated_at": {
        "old": "2025-07-12T14:38:45.627967+00:00",
        "new": "2025-07-12T21:52:31.107716+00:00"
      },
      "license_number": {
        "old": "",
        "new": null
      }
    },
    "access_level": null,
    "ip_address": null,
    "created_at": "2025-07-12T21:52:31.109Z"
  }
},
{
  "model": "admin_logs.adminactionlog",
  "pk": 145,
  "fields": {
    "user": null,
    "action": "create",
    "app_label": "facilities",
    "model_name": "facilityimage",
    "object_id": 1,
    "changes": {},
    "access_level": null,
    "ip_address": null,
    "created_at": "2025-07-12T21:52:31.112Z"
  }
},
{
  "model": "admin_logs.adminactionlog",
  "pk": 146,
  "fields": {
    "user": null,
    "action": "update",
    "app_label": "facilities",
    "model_name": "rehabcenter",
    "object_id": 16,
    "changes": {
      "updated_at": {
        "old": "2025-07-08T14:23:45.472759+00:00",
        "new": "2025-07-14T11:55:52.391210+00:00"
      },
      "min_price": {
        "old": 0,
        "new": 12
      }
    },
    "access_level": null,
    "ip_address": null,
    "created_at": "2025-07-14T11:55:52.393Z"
  }
},
{
  "model": "admin_logs.adminactionlog",
  "pk": 147,
  "fields": {
    "user": null,
    "action": "update",
    "app_label": "facilities",
    "model_name": "rehabcenter",
    "object_id": 15,
    "changes": {
      "updated_at": {
        "old": "2024-04-07T21:00:00+00:00",
        "new": "2025-07-14T12:16:43.700767+00:00"
      },
      "min_price": {
        "old": 0,
        "new": 32
      }
    },
    "access_level": null,
    "ip_address": null,
    "created_at": "2025-07-14T12:16:43.702Z"
  }
},
{
  "model": "admin_logs.adminactionlog",
  "pk": 148,
  "fields": {
    "user": null,
    "action": "update",
    "app_label": "facilities",
    "model_name": "privatedoctor",
    "object_id": 1,
    "changes": {
      "updated_at": {
        "old": "2025-07-12T21:52:31.107716+00:00",
        "new": "2025-07-14T13:15:19.171526+00:00"
      },
      "license_number": {
        "old": null,
        "new": "123131цц222"
      }
    },
    "access_level": null,
    "ip_address": null,
    "created_at": "2025-07-14T13:15:19.173Z"
  }
},
{
  "model": "admin_logs.adminactionlog",
  "pk": 149,
  "fields": {
    "user": null,
    "action": "create",
    "app_label": "facilities",
    "model_name": "facilitydocument",
    "object_id": 3,
    "changes": {},
    "access_level": null,
    "ip_address": null,
    "created_at": "2025-07-14T13:15:19.175Z"
  }
},
{
  "model": "admin_logs.adminactionlog",
  "pk": 150,
  "fields": {
    "user": null,
    "action": "update",
    "app_label": "requests",
    "model_name": "anonymousrequest",
    "object_id": 6,
    "changes": {
      "updated_at": {
        "old": "2025-07-08T12:59:30.313251+00:00",
        "new": "2025-07-16T11:17:31.736484+00:00"
      },
      "organization_type": {
        "old": null,
        "new": "Клиника"
      },
      "updated_by": {
        "old": null,
        "new": "admin"
      }
    },
    "access_level": null,
    "ip_address": null,
    "created_at": "2025-07-16T11:17:31.737Z"
  }
},
{
  "model": "admin_logs.adminactionlog",
  "pk": 151,
  "fields": {
    "user": null,
    "action": "update",
    "app_label": "requests",
    "model_name": "anonymousrequest",
    "object_id": 6,
    "changes": {
      "updated_at": {
        "old": "2025-07-16T11:17:31.736484+00:00",
        "new": "2025-07-16T11:17:48.477957+00:00"
      }
    },
    "access_level": null,
    "ip_address": null,
    "created_at": "2025-07-16T11:17:48.479Z"
  }
},
{
  "model": "admin_logs.adminactionlog",
  "pk": 152,
  "fields": {
    "user": null,
    "action": "update",
    "app_label": "requests",
    "model_name": "anonymousrequest",
    "object_id": 6,
    "changes": {
      "updated_at": {
        "old": "2025-07-16T11:17:48.477957+00:00",
        "new": "2025-07-16T11:18:11.182576+00:00"
      }
    },
    "access_level": null,
    "ip_address": null,
    "created_at": "2025-07-16T11:18:11.183Z"
  }
},
{
  "model": "admin_logs.adminactionlog",
  "pk": 153,
  "fields": {
    "user": null,
    "action": "update",
    "app_label": "requests",
    "model_name": "anonymousrequest",
    "object_id": 6,
    "changes": {
      "updated_at": {
        "old": "2025-07-16T11:18:11.182576+00:00",
        "new": "2025-07-16T11:20:05.975031+00:00"
      },
      "assigned_organization": {
        "old": null,
        "new": "Медицинский центр 'Здоровье'"
      }
    },
    "access_level": null,
    "ip_address": null,
    "created_at": "2025-07-16T11:20:05.976Z"
  }
},
{
  "model": "admin_logs.adminactionlog",
  "pk": 154,
  "fields": {
    "user": null,
    "action": "create",
    "app_label": "requests",
    "model_name": "dependentrequest",
    "object_id": 1,
    "changes": {},
    "access_level": null,
    "ip_address": null,
    "created_at": "2025-07-16T11:23:04.092Z"
  }
},
{
  "model": "admin_logs.adminactionlog",
  "pk": 155,
  "fields": {
    "user": null,
    "action": "create",
    "app_label": "requests",
    "model_name": "requeststatushistory",
    "object_id": 2,
    "changes": {},
    "access_level": null,
    "ip_address": null,
    "created_at": "2025-07-16T11:29:12.294Z"
  }
},
{
  "model": "admin_logs.adminactionlog",
  "pk": 156,
  "fields": {
    "user": null,
    "action": "create",
    "app_label": "requests",
    "model_name": "requestactionlog",
    "object_id": 2,
    "changes": {},
    "access_level": null,
    "ip_address": null,
    "created_at": "2025-07-16T11:29:12.295Z"
  }
},
{
  "model": "admin_logs.adminactionlog",
  "pk": 157,
  "fields": {
    "user": null,
    "action": "update",
    "app_label": "requests",
    "model_name": "anonymousrequest",
    "object_id": 6,
    "changes": {
      "updated_at": {
        "old": "2025-07-16T11:20:05.975031+00:00",
        "new": "2025-07-16T11:29:12.295733+00:00"
      },
      "status": {
        "old": "new",
        "new": "in_progress"
      }
    },
    "access_level": null,
    "ip_address": null,
    "created_at": "2025-07-16T11:29:12.297Z"
  }
},
{
  "model": "admin_logs.adminactionlog",
  "pk": 158,
  "fields": {
    "user": null,
    "action": "update",
    "app_label": "requests",
    "model_name": "dependentrequest",
    "object_id": 1,
    "changes": {
      "updated_at": {
        "old": "2025-07-16T11:23:04.091831+00:00",
        "new": "2025-07-16T11:31:17.648442+00:00"
      },
      "status": {
        "old": "new",
        "new": "in_progress"
      },
      "extra_notes": {
        "old": null,
        "new": ""
      }
    },
    "access_level": null,
    "ip_address": null,
    "created_at": "2025-07-16T11:31:17.649Z"
  }
},
{
  "model": "admin_logs.adminactionlog",
  "pk": 159,
  "fields": {
    "user": null,
    "action": "update",
    "app_label": "requests",
    "model_name": "dependentrequest",
    "object_id": 1,
    "changes": {
      "updated_at": {
        "old": "2025-07-16T11:31:17.648442+00:00",
        "new": "2025-07-16T11:35:23.476205+00:00"
      },
      "status": {
        "old": "in_progress",
        "new": "rejected"
      }
    },
    "access_level": null,
    "ip_address": null,
    "created_at": "2025-07-16T11:35:23.477Z"
  }
},
{
  "model": "admin_logs.adminactionlog",
  "pk": 160,
  "fields": {
    "user": null,
    "action": "update",
    "app_label": "requests",
    "model_name": "dependentrequest",
    "object_id": 1,
    "changes": {
      "updated_at": {
        "old": "2025-07-16T11:35:23.476205+00:00",
        "new": "2025-07-16T11:37:43.593036+00:00"
      },
      "status": {
        "old": "rejected",
        "new": "in_progress"
      }
    },
    "access_level": null,
    "ip_address": null,
    "created_at": "2025-07-16T11:37:43.594Z"
  }
},
{
  "model": "admin_logs.adminactionlog",
  "pk": 161,
  "fields": {
    "user": null,
    "action": "create",
    "app_label": "requests",
    "model_name": "dependentrequeststatushistory",
    "object_id": 1,
    "changes": {},
    "access_level": null,
    "ip_address": null,
    "created_at": "2025-07-16T11:39:06.673Z"
  }
},
{
  "model": "admin_logs.adminactionlog",
  "pk": 162,
  "fields": {
    "user": null,
    "action": "update",
    "app_label": "requests",
    "model_name": "dependentrequest",
    "object_id": 1,
    "changes": {
      "updated_at": {
        "old": "2025-07-16T11:37:43.593036+00:00",
        "new": "2025-07-16T11:39:18.979595+00:00"
      },
      "assigned_organization": {
        "old": null,
        "new": "Центр реабилитации \"Новая жизнь\""
      }
    },
    "access_level": null,
    "ip_address": null,
    "created_at": "2025-07-16T11:39:18.989Z"
  }
},
{
  "model": "admin_logs.adminactionlog",
  "pk": 163,
  "fields": {
    "user": null,
    "action": "update",
    "app_label": "requests",
    "model_name": "dependentrequest",
    "object_id": 1,
    "changes": {
      "updated_at": {
        "old": "2025-07-16T11:39:18.979595+00:00",
        "new": "2025-07-16T11:40:08.669621+00:00"
      },
      "status": {
        "old": "in_progress",
        "new": "completed"
      }
    },
    "access_level": null,
    "ip_address": null,
    "created_at": "2025-07-16T11:40:08.670Z"
  }
},
{
  "model": "admin_logs.adminactionlog",
  "pk": 164,
  "fields": {
    "user": null,
    "action": "update",
    "app_label": "requests",
    "model_name": "dependentrequest",
    "object_id": 1,
    "changes": {
      "updated_at": {
        "old": "2025-07-16T11:40:08.669621+00:00",
        "new": "2025-07-16T11:41:21.860008+00:00"
      },
      "status": {
        "old": "completed",
        "new": "approved"
      },
      "assigned_organization": {
        "old": "Центр реабилитации \"Новая жизнь\"",
        "new": "Тестовая организация"
      }
    },
    "access_level": null,
    "ip_address": null,
    "created_at": "2025-07-16T11:41:21.869Z"
  }
},
{
  "model": "admin_logs.adminactionlog",
  "pk": 165,
  "fields": {
    "user": null,
    "action": "create",
    "app_label": "requests",
    "model_name": "dependentrequeststatushistory",
    "object_id": 2,
    "changes": {},
    "access_level": null,
    "ip_address": null,
    "created_at": "2025-07-16T11:42:08.383Z"
  }
},
{
  "model": "admin_logs.adminactionlog",
  "pk": 166,
  "fields": {
    "user": null,
    "action": "update",
    "app_label": "requests",
    "model_name": "dependentrequest",
    "object_id": 1,
    "changes": {
      "updated_at": {
        "old": "2025-07-16T11:41:21.860008+00:00",
        "new": "2025-07-16T11:42:08.384297+00:00"
      },
      "status": {
        "old": "approved",
        "new": "completed"
      },
      "assigned_organization": {
        "old": "Тестовая организация",
        "new": "Реабилитационный центр 'Восстановление'"
      }
    },
    "access_level": null,
    "ip_address": null,
    "created_at": "2025-07-16T11:42:08.385Z"
  }
},
{
  "model": "admin_logs.adminactionlog",
  "pk": 167,
  "fields": {
    "user": null,
    "action": "update",
    "app_label": "requests",
    "model_name": "dependentrequest",
    "object_id": 1,
    "changes": {
      "updated_at": {
        "old": "2025-07-16T11:42:08.384297+00:00",
        "new": "2025-07-16T11:43:58.051570+00:00"
      },
      "emergency_phone": {
        "old": null,
        "new": "65456565654"
      },
      "organization_type": {
        "old": "Реабилитационный центр",
        "new": "Клиника"
      }
    },
    "access_level": null,
    "ip_address": null,
    "created_at": "2025-07-16T11:43:58.052Z"
  }
},
{
  "model": "admin_logs.adminactionlog",
  "pk": 168,
  "fields": {
    "user": null,
    "action": "create",
    "app_label": "requests",
    "model_name": "dependentrequeststatushistory",
    "object_id": 3,
    "changes": {},
    "access_level": null,
    "ip_address": null,
    "created_at": "2025-07-16T11:44:18.251Z"
  }
},
{
  "model": "admin_logs.adminactionlog",
  "pk": 169,
  "fields": {
    "user": null,
    "action": "update",
    "app_label": "requests",
    "model_name": "dependentrequest",
    "object_id": 1,
    "changes": {
      "updated_at": {
        "old": "2025-07-16T11:43:58.051570+00:00",
        "new": "2025-07-16T11:44:18.252620+00:00"
      },
      "status": {
        "old": "completed",
        "new": "approved"
      },
      "assigned_organization": {
        "old": "Реабилитационный центр 'Восстановление'",
        "new": "Клиника 'Медикал'"
      }
    },
    "access_level": null,
    "ip_address": null,
    "created_at": "2025-07-16T11:44:18.253Z"
  }
},
{
  "model": "admin_logs.adminactionlog",
  "pk": 170,
  "fields": {
    "user": null,
    "action": "create",
    "app_label": "blog",
    "model_name": "blogcategory",
    "object_id": 1,
    "changes": {},
    "access_level": null,
    "ip_address": null,
    "created_at": "2025-07-16T15:47:17.637Z"
  }
},
{
  "model": "admin_logs.adminactionlog",
  "pk": 171,
  "fields": {
    "user": null,
    "action": "create",
    "app_label": "blog",
    "model_name": "tag",
    "object_id": 1,
    "changes": {},
    "access_level": null,
    "ip_address": null,
    "created_at": "2025-07-16T15:48:02.860Z"
  }
},
{
  "model": "admin_logs.adminactionlog",
  "pk": 172,
  "fields": {
    "user": null,
    "action": "create",
    "app_label": "blog",
    "model_name": "blogpost",
    "object_id": 1,
    "changes": {},
    "access_level": null,
    "ip_address": null,
    "created_at": "2025-07-16T15:48:50.079Z"
  }
},
{
  "model": "admin_logs.adminactionlog",
  "pk": 173,
  "fields": {
    "user": null,
    "action": "create",
    "app_label": "blog",
    "model_name": "blogposttag",
    "object_id": 1,
    "changes": {},
    "access_level": null,
    "ip_address": null,
    "created_at": "2025-07-16T15:48:50.080Z"
  }
},
{
  "model": "admin_logs.adminactionlog",
  "pk": 174,
  "fields": {
    "user": null,
    "action": "update",
    "app_label": "blog",
    "model_name": "blogpost",
    "object_id": 1,
    "changes": {
      "updated_at": {
        "old": "2025-07-16T15:48:50.078087+00:00",
        "new": "2025-07-16T15:49:00.255783+00:00"
      },
      "is_published": {
        "old": false,
        "new": true
      }
    },
    "access_level": null,
    "ip_address": null,
    "created_at": "2025-07-16T15:49:00.256Z"
  }
},
{
  "model": "admin_logs.adminactionlog",
  "pk": 175,
  "fields": {
    "user": null,
    "action": "update",
    "app_label": "blog",
    "model_name": "blogpost",
    "object_id": 1,
    "changes": {
      "updated_at": {
        "old": "2025-07-16T15:49:00.255783+00:00",
        "new": "2025-07-16T17:48:02.264261+00:00"
      },
      "is_featured": {
        "old": false,
        "new": true
      }
    },
    "access_level": null,
    "ip_address": null,
    "created_at": "2025-07-16T17:48:02.265Z"
  }
},
{
  "model": "admin_logs.adminactionlog",
  "pk": 176,
  "fields": {
    "user": null,
    "action": "create",
    "app_label": "facilities",
    "model_name": "clinic",
    "object_id": 16,
    "changes": {},
    "access_level": null,
    "ip_address": null,
    "created_at": "2025-07-17T13:29:14.325Z"
  }
},
{
  "model": "admin_logs.adminactionlog",
  "pk": 177,
  "fields": {
    "user": null,
    "action": "delete",
    "app_label": "facilities",
    "model_name": "clinic",
    "object_id": 16,
    "changes": {},
    "access_level": null,
    "ip_address": null,
    "created_at": "2025-07-17T13:29:14.331Z"
  }
}
]
