[
{
  "model": "core.region",
  "pk": 1,
  "fields": {
    "created_at": "2024-01-01T00:00:00Z",
    "updated_at": "2024-01-01T00:00:00Z",
    "name": "Московская область",
    "slug": "moskovskaya-oblast",
    "is_active": true
  }
},
{
  "model": "core.region",
  "pk": 2,
  "fields": {
    "created_at": "2024-01-01T00:00:00Z",
    "updated_at": "2024-01-01T00:00:00Z",
    "name": "Ленинградская область",
    "slug": "leningradskaya-oblast",
    "is_active": true
  }
},
{
  "model": "core.region",
  "pk": 3,
  "fields": {
    "created_at": "2024-01-01T00:00:00Z",
    "updated_at": "2024-01-01T00:00:00Z",
    "name": "Новосибирская область",
    "slug": "novosibirskaya-oblast",
    "is_active": true
  }
},
{
  "model": "core.region",
  "pk": 4,
  "fields": {
    "created_at": "2024-01-01T00:00:00Z",
    "updated_at": "2024-01-01T00:00:00Z",
    "name": "Свердловская область",
    "slug": "sverdlovskaya-oblast",
    "is_active": true
  }
},
{
  "model": "core.region",
  "pk": 5,
  "fields": {
    "created_at": "2024-01-01T00:00:00Z",
    "updated_at": "2024-01-01T00:00:00Z",
    "name": "Краснодарский край",
    "slug": "krasnodarskiy-kray",
    "is_active": true
  }
},
{
  "model": "core.region",
  "pk": 6,
  "fields": {
    "created_at": "2024-01-01T00:00:00Z",
    "updated_at": "2024-01-01T00:00:00Z",
    "name": "Республика Татарстан",
    "slug": "respublika-tatarstan",
    "is_active": true
  }
},
{
  "model": "core.region",
  "pk": 7,
  "fields": {
    "created_at": "2025-08-05T17:05:56.425Z",
    "updated_at": "2025-08-05T17:05:56.425Z",
    "name": "Челябинская область",
    "slug": "chelyabinskaya-oblast",
    "is_active": true
  }
},
{
  "model": "core.city",
  "pk": 1,
  "fields": {
    "created_at": "2024-01-01T00:00:00Z",
    "updated_at": "2024-01-01T00:00:00Z",
    "region": 1,
    "name": "Химки",
    "slug": "himki",
    "is_active": true
  }
},
{
  "model": "core.city",
  "pk": 2,
  "fields": {
    "created_at": "2024-01-01T00:00:00Z",
    "updated_at": "2024-01-01T00:00:00Z",
    "region": 1,
    "name": "Подольск",
    "slug": "podolsk",
    "is_active": true
  }
},
{
  "model": "core.city",
  "pk": 3,
  "fields": {
    "created_at": "2024-01-01T00:00:00Z",
    "updated_at": "2024-01-01T00:00:00Z",
    "region": 2,
    "name": "Пушкин",
    "slug": "pushkin",
    "is_active": true
  }
},
{
  "model": "core.city",
  "pk": 4,
  "fields": {
    "created_at": "2024-01-01T00:00:00Z",
    "updated_at": "2024-01-01T00:00:00Z",
    "region": 2,
    "name": "Петергоф",
    "slug": "peterhof",
    "is_active": true
  }
},
{
  "model": "core.city",
  "pk": 5,
  "fields": {
    "created_at": "2024-01-01T00:00:00Z",
    "updated_at": "2024-01-01T00:00:00Z",
    "region": 3,
    "name": "Новосибирск",
    "slug": "novosibirsk",
    "is_active": true
  }
},
{
  "model": "core.city",
  "pk": 6,
  "fields": {
    "created_at": "2024-01-01T00:00:00Z",
    "updated_at": "2024-01-01T00:00:00Z",
    "region": 3,
    "name": "Бердск",
    "slug": "berdsk",
    "is_active": true
  }
},
{
  "model": "core.city",
  "pk": 7,
  "fields": {
    "created_at": "2024-01-01T00:00:00Z",
    "updated_at": "2024-01-01T00:00:00Z",
    "region": 4,
    "name": "Екатеринбург",
    "slug": "ekaterinburg",
    "is_active": true
  }
},
{
  "model": "core.city",
  "pk": 8,
  "fields": {
    "created_at": "2024-01-01T00:00:00Z",
    "updated_at": "2024-01-01T00:00:00Z",
    "region": 4,
    "name": "Нижний Тагил",
    "slug": "nizhniy-tagil",
    "is_active": true
  }
},
{
  "model": "core.city",
  "pk": 9,
  "fields": {
    "created_at": "2024-01-01T00:00:00Z",
    "updated_at": "2024-01-01T00:00:00Z",
    "region": 5,
    "name": "Сочи",
    "slug": "sochi",
    "is_active": true
  }
},
{
  "model": "core.city",
  "pk": 10,
  "fields": {
    "created_at": "2024-01-01T00:00:00Z",
    "updated_at": "2024-01-01T00:00:00Z",
    "region": 5,
    "name": "Анапа",
    "slug": "anapa",
    "is_active": true
  }
},
{
  "model": "core.city",
  "pk": 11,
  "fields": {
    "created_at": "2024-01-01T00:00:00Z",
    "updated_at": "2024-01-01T00:00:00Z",
    "region": 6,
    "name": "Казань",
    "slug": "kazan",
    "is_active": true
  }
},
{
  "model": "core.city",
  "pk": 12,
  "fields": {
    "created_at": "2024-01-01T00:00:00Z",
    "updated_at": "2024-01-01T00:00:00Z",
    "region": 6,
    "name": "Набережные Челны",
    "slug": "naberezhnye-chelny",
    "is_active": true
  }
},
{
  "model": "core.city",
  "pk": 13,
  "fields": {
    "created_at": "2025-08-05T17:06:15.919Z",
    "updated_at": "2025-08-05T17:06:15.919Z",
    "region": 7,
    "name": "Челябинск",
    "slug": "chelyabinsk",
    "is_active": true
  }
},
{
  "model": "core.citycoordinates",
  "pk": 1,
  "fields": {
    "created_at": "2025-08-01T12:42:51.853Z",
    "updated_at": "2025-08-01T12:43:47.990Z",
    "city": 5,
    "latitude": "55.008400",
    "longitude": "82.935700",
    "is_active": true
  }
},
{
  "model": "core.citycoordinates",
  "pk": 2,
  "fields": {
    "created_at": "2025-08-01T12:42:51.855Z",
    "updated_at": "2025-08-01T12:43:47.992Z",
    "city": 7,
    "latitude": "56.851900",
    "longitude": "60.612200",
    "is_active": true
  }
},
{
  "model": "core.citycoordinates",
  "pk": 3,
  "fields": {
    "created_at": "2025-08-01T12:42:51.856Z",
    "updated_at": "2025-08-01T12:43:47.993Z",
    "city": 11,
    "latitude": "55.830400",
    "longitude": "49.066100",
    "is_active": true
  }
},
{
  "model": "core.citycoordinates",
  "pk": 4,
  "fields": {
    "created_at": "2025-08-01T12:42:51.859Z",
    "updated_at": "2025-08-01T12:43:47.996Z",
    "city": 10,
    "latitude": "44.894700",
    "longitude": "37.316600",
    "is_active": true
  }
},
{
  "model": "core.citycoordinates",
  "pk": 5,
  "fields": {
    "created_at": "2025-08-01T12:42:51.860Z",
    "updated_at": "2025-08-01T12:43:47.997Z",
    "city": 9,
    "latitude": "43.602800",
    "longitude": "39.734200",
    "is_active": true
  }
},
{
  "model": "core.citycoordinates",
  "pk": 6,
  "fields": {
    "created_at": "2025-08-01T12:42:51.867Z",
    "updated_at": "2025-08-01T12:43:48.006Z",
    "city": 12,
    "latitude": "55.743600",
    "longitude": "52.395800",
    "is_active": true
  }
},
{
  "model": "facilities.organizationtype",
  "pk": 1,
  "fields": {
    "created_at": "2025-07-31T14:40:45.057Z",
    "updated_at": "2025-07-31T14:40:45.057Z",
    "name": "Реабилитационный центр",
    "slug": "rehabilitation-center",
    "description": "Специализированные центры реабилитации",
    "competencies": ""
  }
},
{
  "model": "facilities.organizationtype",
  "pk": 2,
  "fields": {
    "created_at": "2025-07-31T14:40:45.057Z",
    "updated_at": "2025-07-31T14:40:45.057Z",
    "name": "Клиника",
    "slug": "clinic",
    "description": "Медицинские клиники",
    "competencies": ""
  }
},
{
  "model": "facilities.organizationtype",
  "pk": 3,
  "fields": {
    "created_at": "2025-07-31T14:40:45.057Z",
    "updated_at": "2025-07-31T14:40:45.057Z",
    "name": "Частный врач",
    "slug": "private-doctor",
    "description": "Частнопрактикующие врачи",
    "competencies": ""
  }
},
{
  "model": "facilities.clinic",
  "pk": 1,
  "fields": {
    "created_at": "2024-04-07T21:00:00Z",
    "updated_at": "2024-04-07T21:00:00Z",
    "name": "Медицинский центр 'Здоровье'",
    "slug": "medicinskiy-centr-zdorove",
    "organization_type": 1,
    "description": "Современный медицинский центр с широким спектром услуг",
    "address": "ул. Ленина, 10",
    "phone": "+7 (495) 123-45-67",
    "email": "info@zdorovie.ru",
    "website": "https://zdorovie.ru",
    "license_number": "",
    "is_active": true,
    "is_featured": false,
    "city": 1,
    "meta_title": null,
    "meta_description": null,
    "meta_keywords": null,
    "meta_image": "",
    "emergency_support": true,
    "has_hospital": true
  }
},
{
  "model": "facilities.clinic",
  "pk": 2,
  "fields": {
    "created_at": "2024-04-07T21:00:00Z",
    "updated_at": "2024-04-07T21:00:00Z",
    "name": "Клиника 'Медикал'",
    "slug": "klinika-medikal",
    "organization_type": 1,
    "description": "Многопрофильная клиника с опытными специалистами",
    "address": "пр. Мира, 25",
    "phone": "+7 (495) 234-56-78",
    "email": "info@medikal.ru",
    "website": "https://medikal.ru",
    "license_number": "",
    "is_active": true,
    "is_featured": false,
    "city": 1,
    "meta_title": null,
    "meta_description": null,
    "meta_keywords": null,
    "meta_image": "",
    "emergency_support": true,
    "has_hospital": false
  }
},
{
  "model": "facilities.clinic",
  "pk": 3,
  "fields": {
    "created_at": "2024-04-07T21:00:00Z",
    "updated_at": "2024-04-07T21:00:00Z",
    "name": "Медицинский центр 'Доктор'",
    "slug": "medicinskiy-centr-doktor",
    "organization_type": 1,
    "description": "Семейная клиника с индивидуальным подходом",
    "address": "ул. Пушкина, 15",
    "phone": "+7 (812) 345-67-89",
    "email": "info@doktor.ru",
    "website": "https://doktor.ru",
    "license_number": "",
    "is_active": true,
    "is_featured": false,
    "city": 3,
    "meta_title": null,
    "meta_description": null,
    "meta_keywords": null,
    "meta_image": "",
    "emergency_support": false,
    "has_hospital": false
  }
},
{
  "model": "facilities.clinic",
  "pk": 4,
  "fields": {
    "created_at": "2024-04-07T21:00:00Z",
    "updated_at": "2024-04-07T21:00:00Z",
    "name": "Клиника 'Семейная'",
    "slug": "klinika-semeynaya",
    "organization_type": 1,
    "description": "Клиника для всей семьи с современным оборудованием",
    "address": "пр. Невский, 100",
    "phone": "+7 (812) 456-78-90",
    "email": "info@semeynaya.ru",
    "website": "https://semeynaya.ru",
    "license_number": "",
    "is_active": true,
    "is_featured": false,
    "city": 3,
    "meta_title": null,
    "meta_description": null,
    "meta_keywords": null,
    "meta_image": "",
    "emergency_support": true,
    "has_hospital": true
  }
},
{
  "model": "facilities.clinic",
  "pk": 5,
  "fields": {
    "created_at": "2024-04-07T21:00:00Z",
    "updated_at": "2024-04-07T21:00:00Z",
    "name": "Медицинский центр 'Урал'",
    "slug": "medicinskiy-centr-ural",
    "organization_type": 1,
    "description": "Крупнейший медицинский центр Урала",
    "address": "ул. Малышева, 50",
    "phone": "+7 (343) 567-89-01",
    "email": "info@ural-med.ru",
    "website": "https://ural-med.ru",
    "license_number": "",
    "is_active": true,
    "is_featured": false,
    "city": 5,
    "meta_title": null,
    "meta_description": null,
    "meta_keywords": null,
    "meta_image": "",
    "emergency_support": true,
    "has_hospital": true
  }
},
{
  "model": "facilities.clinic",
  "pk": 6,
  "fields": {
    "created_at": "2024-04-07T21:00:00Z",
    "updated_at": "2024-04-07T21:00:00Z",
    "name": "Клиника 'Сибирь'",
    "slug": "klinika-sibir",
    "organization_type": 1,
    "description": "Многопрофильная клиника с передовыми технологиями",
    "address": "пр. Карла Маркса, 30",
    "phone": "+7 (383) 678-90-12",
    "email": "info@sibir-med.ru",
    "website": "https://sibir-med.ru",
    "license_number": "",
    "is_active": true,
    "is_featured": false,
    "city": 7,
    "meta_title": null,
    "meta_description": null,
    "meta_keywords": null,
    "meta_image": "",
    "emergency_support": true,
    "has_hospital": true
  }
},
{
  "model": "facilities.clinic",
  "pk": 7,
  "fields": {
    "created_at": "2024-04-07T21:00:00Z",
    "updated_at": "2024-04-07T21:00:00Z",
    "name": "Медицинский центр 'Юг'",
    "slug": "medicinskiy-centr-yug",
    "organization_type": 1,
    "description": "Современная клиника с европейскими стандартами",
    "address": "ул. Красная, 150",
    "phone": "+7 (861) 789-01-23",
    "email": "info@yug-med.ru",
    "website": "https://yug-med.ru",
    "license_number": "",
    "is_active": true,
    "is_featured": false,
    "city": 9,
    "meta_title": null,
    "meta_description": null,
    "meta_keywords": null,
    "meta_image": "",
    "emergency_support": true,
    "has_hospital": true
  }
},
{
  "model": "facilities.clinic",
  "pk": 8,
  "fields": {
    "created_at": "2024-04-07T21:00:00Z",
    "updated_at": "2024-04-07T21:00:00Z",
    "name": "Клиника 'Приморье'",
    "slug": "klinika-primorie",
    "organization_type": 1,
    "description": "Медицинский центр с focus на профилактику",
    "address": "ул. Приморская, 20",
    "phone": "+7 (861) 890-12-34",
    "email": "info@primorie-med.ru",
    "website": "https://primorie-med.ru",
    "license_number": "",
    "is_active": true,
    "is_featured": false,
    "city": 9,
    "meta_title": null,
    "meta_description": null,
    "meta_keywords": null,
    "meta_image": "",
    "emergency_support": false,
    "has_hospital": false
  }
},
{
  "model": "facilities.clinic",
  "pk": 9,
  "fields": {
    "created_at": "2024-04-07T21:00:00Z",
    "updated_at": "2024-04-07T21:00:00Z",
    "name": "Медицинский центр 'Север'",
    "slug": "medicinskiy-centr-sever",
    "organization_type": 1,
    "description": "Специализированная клиника с уникальными методиками",
    "address": "пр. Ленина, 75",
    "phone": "+7 (343) 901-23-45",
    "email": "info@sever-med.ru",
    "website": "https://sever-med.ru",
    "license_number": "",
    "is_active": true,
    "is_featured": false,
    "city": 5,
    "meta_title": null,
    "meta_description": null,
    "meta_keywords": null,
    "meta_image": "",
    "emergency_support": true,
    "has_hospital": true
  }
},
{
  "model": "facilities.clinic",
  "pk": 10,
  "fields": {
    "created_at": "2024-04-07T21:00:00Z",
    "updated_at": "2024-04-07T21:00:00Z",
    "name": "Клиника 'Восток'",
    "slug": "klinika-vostok",
    "organization_type": 1,
    "description": "Инновационный медицинский центр",
    "address": "ул. Советская, 40",
    "phone": "+7 (383) 012-34-56",
    "email": "info@vostok-med.ru",
    "website": "https://vostok-med.ru",
    "license_number": "",
    "is_active": true,
    "is_featured": false,
    "city": 7,
    "meta_title": null,
    "meta_description": null,
    "meta_keywords": null,
    "meta_image": "",
    "emergency_support": true,
    "has_hospital": false
  }
},
{
  "model": "facilities.clinic",
  "pk": 11,
  "fields": {
    "created_at": "2024-04-07T21:00:00Z",
    "updated_at": "2024-04-07T21:00:00Z",
    "name": "Медицинский центр 'Запад'",
    "slug": "medicinskiy-centr-zapad",
    "organization_type": 1,
    "description": "Клиника с европейским подходом к лечению",
    "address": "пр. Победы, 60",
    "phone": "+7 (812) 123-45-67",
    "email": "info@zapad-med.ru",
    "website": "https://zapad-med.ru",
    "license_number": "",
    "is_active": true,
    "is_featured": false,
    "city": 3,
    "meta_title": null,
    "meta_description": null,
    "meta_keywords": null,
    "meta_image": "",
    "emergency_support": true,
    "has_hospital": true
  }
},
{
  "model": "facilities.clinic",
  "pk": 12,
  "fields": {
    "created_at": "2024-04-07T21:00:00Z",
    "updated_at": "2024-04-07T21:00:00Z",
    "name": "Клиника 'Центр'",
    "slug": "klinika-centr",
    "organization_type": 1,
    "description": "Центральная клиника с широким спектром услуг",
    "address": "ул. Центральная, 1",
    "phone": "+7 (495) 234-56-78",
    "email": "info@centr-med.ru",
    "website": "https://centr-med.ru",
    "license_number": "",
    "is_active": true,
    "is_featured": false,
    "city": 1,
    "meta_title": null,
    "meta_description": null,
    "meta_keywords": null,
    "meta_image": "",
    "emergency_support": true,
    "has_hospital": true
  }
},
{
  "model": "facilities.clinic",
  "pk": 13,
  "fields": {
    "created_at": "2024-04-07T21:00:00Z",
    "updated_at": "2024-04-07T21:00:00Z",
    "name": "Медицинский центр 'Плюс'",
    "slug": "medicinskiy-centr-plus",
    "organization_type": 1,
    "description": "Клиника с акцентом на профилактическую медицину",
    "address": "ул. Медицинская, 15",
    "phone": "+7 (861) 345-67-89",
    "email": "info@plus-med.ru",
    "website": "https://plus-med.ru",
    "license_number": "",
    "is_active": true,
    "is_featured": false,
    "city": 9,
    "meta_title": null,
    "meta_description": null,
    "meta_keywords": null,
    "meta_image": "",
    "emergency_support": false,
    "has_hospital": false
  }
},
{
  "model": "facilities.clinic",
  "pk": 14,
  "fields": {
    "created_at": "2024-04-07T21:00:00Z",
    "updated_at": "2024-04-07T21:00:00Z",
    "name": "Клиника 'Профи'",
    "slug": "klinika-profi",
    "organization_type": 1,
    "description": "Профессиональная клиника с опытными специалистами",
    "address": "пр. Профессиональный, 30",
    "phone": "+7 (343) 456-78-90",
    "email": "info@profi-med.ru",
    "website": "https://profi-med.ru",
    "license_number": "",
    "is_active": true,
    "is_featured": false,
    "city": 5,
    "meta_title": null,
    "meta_description": null,
    "meta_keywords": null,
    "meta_image": "",
    "emergency_support": true,
    "has_hospital": true
  }
},
{
  "model": "facilities.clinic",
  "pk": 15,
  "fields": {
    "created_at": "2024-04-07T21:00:00Z",
    "updated_at": "2024-04-07T21:00:00Z",
    "name": "Медицинский центр 'Эксперт'",
    "slug": "medicinskiy-centr-ekspert",
    "organization_type": 1,
    "description": "Экспертная клиника с современным оборудованием",
    "address": "ул. Экспертная, 25",
    "phone": "+7 (383) 567-89-01",
    "email": "info@ekspert-med.ru",
    "website": "https://ekspert-med.ru",
    "license_number": "",
    "is_active": true,
    "is_featured": false,
    "city": 7,
    "meta_title": null,
    "meta_description": null,
    "meta_keywords": null,
    "meta_image": "",
    "emergency_support": true,
    "has_hospital": true
  }
},
{
  "model": "facilities.rehabcenter",
  "pk": 1,
  "fields": {
    "created_at": "2025-08-01T12:43:30.907Z",
    "updated_at": "2025-08-05T14:13:34.175Z",
    "name": "Мое Море",
    "slug": "test-center",
    "organization_type": 1,
    "description": "Реабилитационный центр в Анапе. \r\nТерапия зависимостей. \r\nПартнер проекта \"Rehab hacking\".",
    "website": "http://moemorer-rehab.ru",
    "is_active": true,
    "is_featured": true,
    "city": 10,
    "meta_title": "Мое Море. Реабилитационный центр.",
    "meta_description": "Лечение зависимости в Анапе. Рехаб хакинг, другой взгляд на реабилитацию. Анонимно. Различные программы реабилитации.",
    "meta_keywords": "реабилитация наркомании, центр реабилитации, лечение зависимостей, ресоциализация, Анапа",
    "meta_image": "facilities/meta_images/moemore-logotype.png",
    "address": "Анапа, Центральная 66.",
    "phone": "89180542585",
    "email": "moemore-rehab@mail.ru"
  }
},
{
  "model": "facilities.rehabcenter",
  "pk": 2,
  "fields": {
    "created_at": "2025-08-05T17:16:20.984Z",
    "updated_at": "2025-08-05T18:02:51.151Z",
    "name": "Спарта 74",
    "slug": "sparta-74",
    "organization_type": 1,
    "description": "Центр лечения алкоголизма, наркомании и других зависимостей «Спарта74»\r\nОказываем профессиональную наркологическую помощь при всех формах зависимости гражданам Челябинской области в условиях стационара.",
    "website": null,
    "is_active": true,
    "is_featured": false,
    "city": 13,
    "meta_title": null,
    "meta_description": "",
    "meta_keywords": null,
    "meta_image": "",
    "address": "г. Челябинск, пр. Ленина, 21 Б, офис 202 Б, +7 (908) 051‑39‑50, +7 (351) 776‑17‑11",
    "phone": "83517761711",
    "email": null
  }
},
{
  "model": "facilities.review",
  "pk": 1,
  "fields": {
    "created_at": "2024-01-01T00:00:00Z",
    "updated_at": "2024-01-01T00:00:00Z",
    "content_type": 2,
    "object_id": 1,
    "rating": 5,
    "content": "Отличный центр реабилитации! Персонал внимательный, условия проживания комфортные. Программа восстановления эффективная. Особенно понравилось отношение врачей и психологов."
  }
},
{
  "model": "facilities.review",
  "pk": 2,
  "fields": {
    "created_at": "2024-01-02T00:00:00Z",
    "updated_at": "2024-01-02T00:00:00Z",
    "content_type": 2,
    "object_id": 1,
    "rating": 4,
    "content": "Хороший центр, но цены немного высокие. В целом остался доволен результатами. Особенно понравилась программа реабилитации и питание."
  }
},
{
  "model": "facilities.review",
  "pk": 3,
  "fields": {
    "created_at": "2024-01-03T00:00:00Z",
    "updated_at": "2024-01-03T00:00:00Z",
    "content_type": 2,
    "object_id": 1,
    "rating": 5,
    "content": "Прекрасный центр! Очень доволен результатами реабилитации. Персонал профессиональный, условия проживания отличные. Рекомендую всем, кто ищет качественную реабилитацию."
  }
},
{
  "model": "facilities.review",
  "pk": 4,
  "fields": {
    "created_at": "2024-01-04T00:00:00Z",
    "updated_at": "2024-01-04T00:00:00Z",
    "content_type": 2,
    "object_id": 1,
    "rating": 4,
    "content": "Центр очень хороший. Особенно понравилась работа психологов и индивидуальный подход к каждому пациенту. Единственное, что можно улучшить - это организацию досуга."
  }
},
{
  "model": "facilities.review",
  "pk": 5,
  "fields": {
    "created_at": "2024-01-05T00:00:00Z",
    "updated_at": "2024-01-05T00:00:00Z",
    "content_type": 2,
    "object_id": 1,
    "rating": 5,
    "content": "Отличный центр! Современное оборудование, квалифицированный персонал, комфортные условия проживания. Результаты реабилитации превзошли все ожидания. Спасибо всему коллективу!"
  }
},
{
  "model": "facilities.review",
  "pk": 6,
  "fields": {
    "created_at": "2024-01-06T00:00:00Z",
    "updated_at": "2024-01-06T00:00:00Z",
    "content_type": 2,
    "object_id": 5,
    "rating": 5,
    "content": "Отличный центр! Современное оборудование, квалифицированный персонал."
  }
},
{
  "model": "facilities.review",
  "pk": 7,
  "fields": {
    "created_at": "2024-01-07T00:00:00Z",
    "updated_at": "2024-01-07T00:00:00Z",
    "content_type": 2,
    "object_id": 6,
    "rating": 2,
    "content": "Не понравилось отношение персонала. Условия проживания оставляют желать лучшего."
  }
},
{
  "model": "facilities.review",
  "pk": 8,
  "fields": {
    "created_at": "2024-01-08T00:00:00Z",
    "updated_at": "2024-01-08T00:00:00Z",
    "content_type": 2,
    "object_id": 7,
    "rating": 4,
    "content": "Хороший центр реабилитации. Программа восстановления эффективная."
  }
},
{
  "model": "facilities.review",
  "pk": 9,
  "fields": {
    "created_at": "2024-01-09T00:00:00Z",
    "updated_at": "2024-01-09T00:00:00Z",
    "content_type": 2,
    "object_id": 8,
    "rating": 5,
    "content": "Отличный центр! Персонал внимательный, условия проживания комфортные."
  }
},
{
  "model": "facilities.review",
  "pk": 10,
  "fields": {
    "created_at": "2024-01-10T00:00:00Z",
    "updated_at": "2024-01-10T00:00:00Z",
    "content_type": 2,
    "object_id": 9,
    "rating": 4,
    "content": "Хороший центр реабилитации. Программа восстановления эффективная."
  }
},
{
  "model": "facilities.review",
  "pk": 11,
  "fields": {
    "created_at": "2024-01-11T00:00:00Z",
    "updated_at": "2024-01-11T00:00:00Z",
    "content_type": 2,
    "object_id": 10,
    "rating": 3,
    "content": "Центр неплохой, но есть проблемы с организацией питания. Персонал вежливый."
  }
},
{
  "model": "facilities.review",
  "pk": 12,
  "fields": {
    "created_at": "2024-01-12T00:00:00Z",
    "updated_at": "2024-01-12T00:00:00Z",
    "content_type": 2,
    "object_id": 11,
    "rating": 5,
    "content": "Отличный центр! Современное оборудование, квалифицированный персонал."
  }
},
{
  "model": "facilities.review",
  "pk": 13,
  "fields": {
    "created_at": "2024-01-13T00:00:00Z",
    "updated_at": "2024-01-13T00:00:00Z",
    "content_type": 2,
    "object_id": 12,
    "rating": 4,
    "content": "Хороший центр реабилитации. Программа восстановления эффективная."
  }
},
{
  "model": "facilities.review",
  "pk": 14,
  "fields": {
    "created_at": "2024-01-14T00:00:00Z",
    "updated_at": "2024-01-14T00:00:00Z",
    "content_type": 2,
    "object_id": 12,
    "rating": 2,
    "content": "Не понравилось отношение персонала. Условия проживания оставляют желать лучшего."
  }
},
{
  "model": "facilities.facilityimage",
  "pk": 1,
  "fields": {
    "created_at": "2025-08-05T12:06:39.909Z",
    "updated_at": "2025-08-05T13:49:55.002Z",
    "content_type": 10,
    "object_id": 1,
    "image": "facilities/images/moemore-logotype.png",
    "image_type": "main",
    "title": "",
    "description": "",
    "is_main": true,
    "is_active": true,
    "order": 1
  }
},
{
  "model": "facilities.facilityimage",
  "pk": 2,
  "fields": {
    "created_at": "2025-08-05T13:49:55.015Z",
    "updated_at": "2025-08-05T13:49:55.015Z",
    "content_type": 10,
    "object_id": 1,
    "image": "facilities/images/photo_2025-05-08_00-31-02.jpg",
    "image_type": "main",
    "title": "",
    "description": "",
    "is_main": false,
    "is_active": true,
    "order": 2
  }
},
{
  "model": "facilities.facilityimage",
  "pk": 3,
  "fields": {
    "created_at": "2025-08-05T13:49:55.030Z",
    "updated_at": "2025-08-05T13:57:00.855Z",
    "content_type": 10,
    "object_id": 1,
    "image": "facilities/images/photo_2025-05-08_00-35-26.jpg",
    "image_type": "main",
    "title": "",
    "description": "",
    "is_main": false,
    "is_active": true,
    "order": 18
  }
},
{
  "model": "facilities.facilityimage",
  "pk": 4,
  "fields": {
    "created_at": "2025-08-05T13:49:55.043Z",
    "updated_at": "2025-08-05T13:57:00.869Z",
    "content_type": 10,
    "object_id": 1,
    "image": "facilities/images/photo_2025-05-08_00-31-02_2.jpg",
    "image_type": "main",
    "title": "",
    "description": "",
    "is_main": false,
    "is_active": true,
    "order": 4
  }
},
{
  "model": "facilities.facilityimage",
  "pk": 5,
  "fields": {
    "created_at": "2025-08-05T13:49:55.057Z",
    "updated_at": "2025-08-05T13:57:00.883Z",
    "content_type": 10,
    "object_id": 1,
    "image": "facilities/images/photo_2025-05-08_00-35-45.jpg",
    "image_type": "main",
    "title": "",
    "description": "",
    "is_main": false,
    "is_active": true,
    "order": 17
  }
},
{
  "model": "facilities.facilityimage",
  "pk": 6,
  "fields": {
    "created_at": "2025-08-05T13:49:55.072Z",
    "updated_at": "2025-08-05T13:57:00.897Z",
    "content_type": 10,
    "object_id": 1,
    "image": "facilities/images/photo_2025-05-08_00-35-54.jpg",
    "image_type": "main",
    "title": "",
    "description": "",
    "is_main": false,
    "is_active": true,
    "order": 15
  }
},
{
  "model": "facilities.facilityimage",
  "pk": 7,
  "fields": {
    "created_at": "2025-08-05T13:49:55.086Z",
    "updated_at": "2025-08-05T13:57:00.912Z",
    "content_type": 10,
    "object_id": 1,
    "image": "facilities/images/photo_2025-07-24_07-50-42.jpg",
    "image_type": "main",
    "title": "",
    "description": "",
    "is_main": false,
    "is_active": true,
    "order": 16
  }
},
{
  "model": "facilities.facilityimage",
  "pk": 8,
  "fields": {
    "created_at": "2025-08-05T13:49:55.100Z",
    "updated_at": "2025-08-05T13:57:00.925Z",
    "content_type": 10,
    "object_id": 1,
    "image": "facilities/images/photo_2025-07-24_07-50-43.jpg",
    "image_type": "main",
    "title": "",
    "description": "",
    "is_main": false,
    "is_active": true,
    "order": 5
  }
},
{
  "model": "facilities.facilityimage",
  "pk": 9,
  "fields": {
    "created_at": "2025-08-05T13:51:29.585Z",
    "updated_at": "2025-08-05T13:57:00.938Z",
    "content_type": 10,
    "object_id": 1,
    "image": "facilities/images/photo_2025-07-24_09-52-31.jpg",
    "image_type": "main",
    "title": "",
    "description": "",
    "is_main": false,
    "is_active": true,
    "order": 3
  }
},
{
  "model": "facilities.facilityimage",
  "pk": 11,
  "fields": {
    "created_at": "2025-08-05T13:51:29.612Z",
    "updated_at": "2025-08-05T13:57:00.952Z",
    "content_type": 10,
    "object_id": 1,
    "image": "facilities/images/photo_2025-07-24_18-50-08.jpg",
    "image_type": "main",
    "title": "",
    "description": "",
    "is_main": false,
    "is_active": true,
    "order": 14
  }
},
{
  "model": "facilities.facilityimage",
  "pk": 12,
  "fields": {
    "created_at": "2025-08-05T13:51:29.625Z",
    "updated_at": "2025-08-05T13:57:00.966Z",
    "content_type": 10,
    "object_id": 1,
    "image": "facilities/images/photo_2025-07-27_10-37-09.jpg",
    "image_type": "main",
    "title": "",
    "description": "",
    "is_main": false,
    "is_active": true,
    "order": 13
  }
},
{
  "model": "facilities.facilityimage",
  "pk": 13,
  "fields": {
    "created_at": "2025-08-05T13:51:29.639Z",
    "updated_at": "2025-08-05T13:57:00.980Z",
    "content_type": 10,
    "object_id": 1,
    "image": "facilities/images/photo_2025-07-30_12-03-31.jpg",
    "image_type": "main",
    "title": "",
    "description": "",
    "is_main": false,
    "is_active": true,
    "order": 12
  }
},
{
  "model": "facilities.facilityimage",
  "pk": 14,
  "fields": {
    "created_at": "2025-08-05T13:51:29.652Z",
    "updated_at": "2025-08-05T13:57:00.994Z",
    "content_type": 10,
    "object_id": 1,
    "image": "facilities/images/photo_2025-07-31_07-11-36.jpg",
    "image_type": "main",
    "title": "",
    "description": "",
    "is_main": false,
    "is_active": true,
    "order": 11
  }
},
{
  "model": "facilities.facilityimage",
  "pk": 16,
  "fields": {
    "created_at": "2025-08-05T13:52:40.311Z",
    "updated_at": "2025-08-05T13:57:01.008Z",
    "content_type": 10,
    "object_id": 1,
    "image": "facilities/images/photo_2025-07-31_18-50-47.jpg",
    "image_type": "main",
    "title": "",
    "description": "",
    "is_main": false,
    "is_active": true,
    "order": 10
  }
},
{
  "model": "facilities.facilityimage",
  "pk": 17,
  "fields": {
    "created_at": "2025-08-05T13:52:40.325Z",
    "updated_at": "2025-08-05T13:57:01.022Z",
    "content_type": 10,
    "object_id": 1,
    "image": "facilities/images/photo_2025-07-31_18-54-44.jpg",
    "image_type": "main",
    "title": "",
    "description": "",
    "is_main": false,
    "is_active": true,
    "order": 9
  }
},
{
  "model": "facilities.facilityimage",
  "pk": 18,
  "fields": {
    "created_at": "2025-08-05T13:52:40.339Z",
    "updated_at": "2025-08-05T13:57:01.036Z",
    "content_type": 10,
    "object_id": 1,
    "image": "facilities/images/photo_2025-08-05_16-42-39.jpg",
    "image_type": "main",
    "title": "",
    "description": "",
    "is_main": false,
    "is_active": true,
    "order": 7
  }
},
{
  "model": "facilities.facilityimage",
  "pk": 19,
  "fields": {
    "created_at": "2025-08-05T13:53:43.887Z",
    "updated_at": "2025-08-05T13:57:01.051Z",
    "content_type": 10,
    "object_id": 1,
    "image": "facilities/images/photo_2025-05-08_00-35-14.jpg",
    "image_type": "main",
    "title": "",
    "description": "",
    "is_main": false,
    "is_active": true,
    "order": 6
  }
},
{
  "model": "facilities.facilityimage",
  "pk": 20,
  "fields": {
    "created_at": "2025-08-05T13:53:43.901Z",
    "updated_at": "2025-08-05T13:57:01.065Z",
    "content_type": 10,
    "object_id": 1,
    "image": "facilities/images/photo_2025-05-08_00-31-01_2.jpg",
    "image_type": "main",
    "title": "",
    "description": "",
    "is_main": false,
    "is_active": true,
    "order": 8
  }
},
{
  "model": "facilities.facilityimage",
  "pk": 21,
  "fields": {
    "created_at": "2025-08-05T17:16:20.999Z",
    "updated_at": "2025-08-05T17:17:45.396Z",
    "content_type": 10,
    "object_id": 2,
    "image": "facilities/images/7QoMKz6k0WA1.jpg",
    "image_type": "main",
    "title": "",
    "description": "",
    "is_main": true,
    "is_active": true,
    "order": 1
  }
},
{
  "model": "facilities.facilityimage",
  "pk": 22,
  "fields": {
    "created_at": "2025-08-05T17:16:21.019Z",
    "updated_at": "2025-08-05T17:16:21.019Z",
    "content_type": 10,
    "object_id": 2,
    "image": "facilities/images/dom.jpg",
    "image_type": "main",
    "title": "",
    "description": "",
    "is_main": false,
    "is_active": true,
    "order": 2
  }
},
{
  "model": "facilities.facilityimage",
  "pk": 23,
  "fields": {
    "created_at": "2025-08-05T17:16:21.035Z",
    "updated_at": "2025-08-05T17:16:21.035Z",
    "content_type": 10,
    "object_id": 2,
    "image": "facilities/images/Narkologicheskiy-tsentr-Sparta74-_2_.jpg",
    "image_type": "main",
    "title": "",
    "description": "",
    "is_main": false,
    "is_active": true,
    "order": 3
  }
},
{
  "model": "facilities.facilityimage",
  "pk": 24,
  "fields": {
    "created_at": "2025-08-05T17:16:21.051Z",
    "updated_at": "2025-08-05T17:16:21.051Z",
    "content_type": 10,
    "object_id": 2,
    "image": "facilities/images/Narkologicheskiy-tsentr-Sparta74-_3_.jpg",
    "image_type": "main",
    "title": "",
    "description": "",
    "is_main": false,
    "is_active": true,
    "order": 4
  }
},
{
  "model": "facilities.facilityimage",
  "pk": 25,
  "fields": {
    "created_at": "2025-08-05T17:16:21.067Z",
    "updated_at": "2025-08-05T17:16:21.067Z",
    "content_type": 10,
    "object_id": 2,
    "image": "facilities/images/Narkologicheskiy-tsentr-Sparta74-_4_.jpg",
    "image_type": "main",
    "title": "",
    "description": "",
    "is_main": false,
    "is_active": true,
    "order": 5
  }
},
{
  "model": "facilities.facilityimage",
  "pk": 26,
  "fields": {
    "created_at": "2025-08-05T17:16:21.091Z",
    "updated_at": "2025-08-05T17:17:45.319Z",
    "content_type": 10,
    "object_id": 2,
    "image": "facilities/images/Narkologicheskiy-tsentr-Sparta74-_5_.jpg",
    "image_type": "main",
    "title": "",
    "description": "",
    "is_main": false,
    "is_active": true,
    "order": 10
  }
},
{
  "model": "facilities.facilityimage",
  "pk": 27,
  "fields": {
    "created_at": "2025-08-05T17:16:21.114Z",
    "updated_at": "2025-08-05T17:17:45.335Z",
    "content_type": 10,
    "object_id": 2,
    "image": "facilities/images/Narkologicheskiy-tsentr-Sparta74-_5_2x.jpg",
    "image_type": "main",
    "title": "",
    "description": "",
    "is_main": false,
    "is_active": true,
    "order": 9
  }
},
{
  "model": "facilities.facilityimage",
  "pk": 28,
  "fields": {
    "created_at": "2025-08-05T17:16:21.129Z",
    "updated_at": "2025-08-05T17:17:45.350Z",
    "content_type": 10,
    "object_id": 2,
    "image": "facilities/images/Narkologicheskiy-tsentr-Sparta74-_6_.jpg",
    "image_type": "main",
    "title": "",
    "description": "",
    "is_main": false,
    "is_active": true,
    "order": 8
  }
},
{
  "model": "facilities.facilityimage",
  "pk": 29,
  "fields": {
    "created_at": "2025-08-05T17:16:21.146Z",
    "updated_at": "2025-08-05T17:17:45.365Z",
    "content_type": 10,
    "object_id": 2,
    "image": "facilities/images/Narkologicheskiy-tsentr-Sparta74-_7_.jpg",
    "image_type": "main",
    "title": "",
    "description": "",
    "is_main": false,
    "is_active": true,
    "order": 7
  }
},
{
  "model": "facilities.facilityimage",
  "pk": 30,
  "fields": {
    "created_at": "2025-08-05T17:16:21.162Z",
    "updated_at": "2025-08-05T17:17:45.381Z",
    "content_type": 10,
    "object_id": 2,
    "image": "facilities/images/Narkologicheskiy-tsentr-Sparta74-_8_.jpg",
    "image_type": "main",
    "title": "",
    "description": "",
    "is_main": false,
    "is_active": true,
    "order": 6
  }
},
{
  "model": "facilities.facilitydocument",
  "pk": 1,
  "fields": {
    "created_at": "2025-08-05T13:24:52.460Z",
    "updated_at": "2025-08-05T13:24:52.460Z",
    "content_type": 10,
    "object_id": 1,
    "document_type": "license",
    "title": "Свидетельство о регистрации",
    "document": "facilities/documents/photo_2025-05-08_00-31-00.jpg",
    "number": null,
    "issue_date": "2025-04-24",
    "expiry_date": "2030-07-23",
    "is_active": true
  }
},
{
  "model": "facilities.facilitydocument",
  "pk": 2,
  "fields": {
    "created_at": "2025-08-05T17:16:21.177Z",
    "updated_at": "2025-08-05T17:16:21.177Z",
    "content_type": 10,
    "object_id": 2,
    "document_type": "license",
    "title": "Свидетельство о регистрации",
    "document": "facilities/documents/Реестр_Спарта.jpg",
    "number": "1111111",
    "issue_date": "2014-10-10",
    "expiry_date": "2030-07-23",
    "is_active": true
  }
},
{
  "model": "facilities.facilitydocument",
  "pk": 3,
  "fields": {
    "created_at": "2025-08-05T17:16:21.193Z",
    "updated_at": "2025-08-05T17:16:21.193Z",
    "content_type": 10,
    "object_id": 2,
    "document_type": "license",
    "title": "Рееестр",
    "document": "facilities/documents/Клиника_года_Спата_диплом.jpg",
    "number": "11111111",
    "issue_date": "2021-06-28",
    "expiry_date": "2025-07-27",
    "is_active": true
  }
},
{
  "model": "facilities.facilitydocument",
  "pk": 4,
  "fields": {
    "created_at": "2025-08-05T17:49:29.507Z",
    "updated_at": "2025-08-05T17:49:29.507Z",
    "content_type": 10,
    "object_id": 2,
    "document_type": "license",
    "title": "Диплом",
    "document": "facilities/documents/image_1_YZlXJhh.jpg",
    "number": "2222222222",
    "issue_date": "2025-07-27",
    "expiry_date": "2030-07-27",
    "is_active": true
  }
},
{
  "model": "facilities.facilitydocument",
  "pk": 5,
  "fields": {
    "created_at": "2025-08-05T17:52:30.780Z",
    "updated_at": "2025-08-05T17:52:30.780Z",
    "content_type": 10,
    "object_id": 2,
    "document_type": "license",
    "title": "Лицензия",
    "document": "facilities/documents/image_4.jpg",
    "number": "11111",
    "issue_date": "2014-10-10",
    "expiry_date": "2030-07-23",
    "is_active": true
  }
},
{
  "model": "facilities.facilitydocument",
  "pk": 6,
  "fields": {
    "created_at": "2025-08-05T17:52:30.795Z",
    "updated_at": "2025-08-05T17:52:30.795Z",
    "content_type": 10,
    "object_id": 2,
    "document_type": "certificate",
    "title": "Лицензия",
    "document": "facilities/documents/image_01BNLeN.jpg",
    "number": "11111",
    "issue_date": "2025-08-04",
    "expiry_date": "2027-07-06",
    "is_active": true
  }
},
{
  "model": "staff.specialization",
  "pk": 1,
  "fields": {
    "created_at": "2024-04-24T00:00:00Z",
    "updated_at": "2024-04-24T00:00:00Z",
    "name": "Аддиктолог",
    "slug": "addiktolog",
    "description": "Специалист, занимающийся диагностикой, лечением и профилактикой зависимостей, включая химические и поведенческие."
  }
},
{
  "model": "staff.specialization",
  "pk": 2,
  "fields": {
    "created_at": "2024-04-24T00:00:00Z",
    "updated_at": "2024-04-24T00:00:00Z",
    "name": "Инструктор по физической реабилитации",
    "slug": "instructor-po-fizicheskoy-reabilitacii",
    "description": "Профессионал, который разрабатывает и проводит физические упражнения и процедуры для восстановления двигательных функций и улучшения общего состояния здоровья пациентов."
  }
},
{
  "model": "staff.specialization",
  "pk": 3,
  "fields": {
    "created_at": "2024-04-24T00:00:00Z",
    "updated_at": "2024-04-24T00:00:00Z",
    "name": "Консультант по химической зависимости",
    "slug": "konsultant-po-himicheskoy-zavisimosti",
    "description": "Специалист, помогающий пациентам справляться с химической зависимостью, предоставляющий консультации, мотивационную поддержку и помощь в процессе реабилитации."
  }
},
{
  "model": "staff.specialization",
  "pk": 4,
  "fields": {
    "created_at": "2024-04-24T00:00:00Z",
    "updated_at": "2024-04-24T00:00:00Z",
    "name": "Медсестра",
    "slug": "medsestra",
    "description": "Медицинский работник, обеспечивающий уход за пациентами, контроль за приёмом лекарств и помощь врачам в проведении процедур."
  }
},
{
  "model": "staff.specialization",
  "pk": 5,
  "fields": {
    "created_at": "2024-04-24T00:00:00Z",
    "updated_at": "2024-04-24T00:00:00Z",
    "name": "Психиатр-нарколог",
    "slug": "psihiatr-narkolog",
    "description": "Врач, специализирующийся на диагностике и лечении психических расстройств и зависимостей, включая назначение медикаментозной терапии."
  }
},
{
  "model": "staff.specialization",
  "pk": 6,
  "fields": {
    "created_at": "2024-04-24T00:00:00Z",
    "updated_at": "2024-04-24T00:00:00Z",
    "name": "Психолог",
    "slug": "psiholog",
    "description": "Специалист по психологии, работающий с пациентами над решением эмоциональных, поведенческих и межличностных проблем."
  }
},
{
  "model": "staff.specialization",
  "pk": 7,
  "fields": {
    "created_at": "2024-04-24T00:00:00Z",
    "updated_at": "2024-04-24T00:00:00Z",
    "name": "Психотерапевт",
    "slug": "psihoterapevt",
    "description": "Профессионал, проводящий длительную терапевтическую работу с пациентами для решения глубоких психологических проблем и травм."
  }
},
{
  "model": "staff.specialization",
  "pk": 8,
  "fields": {
    "created_at": "2024-04-24T00:00:00Z",
    "updated_at": "2024-04-24T00:00:00Z",
    "name": "Реабилитолог",
    "slug": "reabilitolog",
    "description": "Специалист, занимающийся восстановлением физических и психических функций пациентов после болезней, травм или зависимостей."
  }
},
{
  "model": "staff.specialization",
  "pk": 9,
  "fields": {
    "created_at": "2024-04-24T00:00:00Z",
    "updated_at": "2024-04-24T00:00:00Z",
    "name": "Семейный психолог",
    "slug": "semeynyy-psiholog",
    "description": "Психолог, работающий с семейными парами и членами семьи для улучшения коммуникации, разрешения конфликтов и укрепления отношений."
  }
},
{
  "model": "staff.specialization",
  "pk": 11,
  "fields": {
    "created_at": "2025-08-05T17:56:20.789Z",
    "updated_at": "2025-08-05T17:56:20.789Z",
    "name": "Руководитель",
    "slug": "rukovoditel",
    "description": "Руководитель центра"
  }
},
{
  "model": "staff.specialization",
  "pk": 12,
  "fields": {
    "created_at": "2025-08-05T18:04:06.033Z",
    "updated_at": "2025-08-05T18:04:06.033Z",
    "name": "Директор",
    "slug": "direktor",
    "description": "Директор"
  }
},
{
  "model": "staff.specialization",
  "pk": 13,
  "fields": {
    "created_at": "2025-08-05T18:13:06.305Z",
    "updated_at": "2025-08-05T18:13:06.305Z",
    "name": "Главный бухгалтер",
    "slug": "glavnyj-buhgalter",
    "description": "Главбух"
  }
},
{
  "model": "staff.specialization",
  "pk": 14,
  "fields": {
    "created_at": "2025-08-05T18:29:52.514Z",
    "updated_at": "2025-08-05T18:29:52.514Z",
    "name": "Старший консультант",
    "slug": "starshij-konsultant",
    "description": "Старший консультант"
  }
},
{
  "model": "staff.specialization",
  "pk": 15,
  "fields": {
    "created_at": "2025-08-05T18:36:46.836Z",
    "updated_at": "2025-08-05T18:36:46.836Z",
    "name": "Консультант-аддиктолог",
    "slug": "konsultant-addiktolog",
    "description": "Консультант-аддиктолог"
  }
},
{
  "model": "staff.specialization",
  "pk": 16,
  "fields": {
    "created_at": "2025-08-05T18:39:43.482Z",
    "updated_at": "2025-08-05T18:39:43.482Z",
    "name": "Социальный работник",
    "slug": "sotsialnyy-rabotnik",
    "description": "Социальный работник"
  }
},
{
  "model": "staff.medicalspecialist",
  "pk": 1,
  "fields": {
    "created_at": "2025-08-05T12:50:42.382Z",
    "updated_at": "2025-08-05T18:46:46.678Z",
    "first_name": "Василий",
    "last_name": "Лучшев",
    "middle_name": "Николаевич",
    "slug": "luchshev-vasilij",
    "experience_years": 10,
    "education": "Основное образование: Московский финансово-промышленный университет \"Синергия\" по специальности психология.\r\nДиплом: о присвоении квалификации бакалавр по специальности психология\r\nПрофессиональная переподготовка: учебный центр ООО \"Купол\" по специальности психотерапия\r\nПовышение квалификации: АНО дополнительного профессионального образования Институт психотерапии и клинической психологии (ИПиКП) по теме «Метод десенсибилизации и переработки движениями глаз (ДПДГ/EMDR)»\r\nСертификат: The Image Transformation Institute\r\nEMDR (ДПДГ) — работа с травматическими воспоминаниями и ПТСР.\r\nImTT (Терапия трансформации образов) — коррекция дезадаптивных убеждений и эмоций.",
    "biography": "Психолог, специалист в области краткосрочной психотерапии, действительный член профессиональной психотерапевтической лиги.",
    "achievements": "",
    "photo": "specialists/Вася.jpg",
    "is_active": true,
    "specializations": [
      6,
      7
    ]
  }
},
{
  "model": "staff.medicalspecialist",
  "pk": 2,
  "fields": {
    "created_at": "2025-08-05T13:16:49.082Z",
    "updated_at": "2025-08-05T14:12:51.702Z",
    "first_name": "Елена",
    "last_name": "Солодовникова",
    "middle_name": "Александровна",
    "slug": "solodovnikova-elena",
    "experience_years": 3,
    "education": "",
    "biography": "",
    "achievements": "",
    "photo": "specialists/photo_2025-07-30_09-54-11.jpg",
    "is_active": true,
    "specializations": [
      6
    ]
  }
},
{
  "model": "staff.medicalspecialist",
  "pk": 3,
  "fields": {
    "created_at": "2025-08-05T14:08:27.073Z",
    "updated_at": "2025-08-05T14:12:51.686Z",
    "first_name": "Михаил",
    "last_name": "Репин",
    "middle_name": "Дмитриевич",
    "slug": "repin-mihail",
    "experience_years": 5,
    "education": "",
    "biography": "",
    "achievements": "",
    "photo": "specialists/img_7451.jpg",
    "is_active": true,
    "specializations": [
      3
    ]
  }
},
{
  "model": "staff.medicalspecialist",
  "pk": 4,
  "fields": {
    "created_at": "2025-08-05T15:49:22.851Z",
    "updated_at": "2025-08-05T15:49:43.880Z",
    "first_name": "Ирина",
    "last_name": "Гутченкова",
    "middle_name": "Геннадьевна",
    "slug": "gutchenkova-irina",
    "experience_years": 23,
    "education": "Основное образование: Московский Государственный Открытый Педагогический Университет имени М.А.Шолохова, \"Психолог. Преподаватель психологии\". Дипломная работа: «Факторы риска и профилактика наркомании у молодёжи», 2003 год.\r\nДипломная работа: «Факторы риска и профилактика наркомании у молодёжи», 2003 год.\r\nПрофессиональная переподготовка: Уральский институт повышения квалификации и переподготовки, «Психолог — консультант»., 2021 г.\r\nПовышение квалификации: Институт развития МЧС России Академии гражданской защиты, «Психологическое сопровождение деятельности профессиональных контингентов МЧС России», 2012 г.\r\nПовышение квалификации: Уральский институт повышения квалификации и переподготовки, «Арт-терапевтические техники в групповой и индивидуальной работе», 2021 г.\r\nСертификат: Сертификат: Общероссийская профессиональная психотерапевтическая лига, «Использование техник НЛП в переговорах», 2012г.\r\nСертификат: Общероссийская профессиональная психотерапевтическая лига, «Базовые навыки ДПДГ (EMDR) десенсибилизация посредством движения глаз, 2012 г.\r\nСертификат: Общероссийская профессиональная психотерапевтическая лига, «Провокативная психотерапия», 2012 г.",
    "biography": "Психолог высшей категории с 23-летним стажем работы, член Профессиональной психотерапевтической лиги (ППЛ).\r\nКраснодарский край, Россия",
    "achievements": "",
    "photo": "specialists/photo_8_2025-04-30_00-50-53.jpg",
    "is_active": true,
    "specializations": [
      6
    ]
  }
},
{
  "model": "staff.medicalspecialist",
  "pk": 5,
  "fields": {
    "created_at": "2025-08-05T17:55:22.505Z",
    "updated_at": "2025-08-05T18:04:42.707Z",
    "first_name": "Евгений",
    "last_name": "Цибарт",
    "middle_name": "Владимирович",
    "slug": "tsibart-evgenij",
    "experience_years": 10,
    "education": "",
    "biography": "За годы работы мы выстроили систему комплексной реабилитации, основанную на современных теоретических и научно-практических разработках ведущих научно-исследовательских учреждений и реабилитационных центров страны, а также анализа зарубежного опыта создания и внедрения реабилитационных программ.",
    "achievements": "",
    "photo": "specialists/Цибарт_Евгений.jpg",
    "is_active": true,
    "specializations": [
      12
    ]
  }
},
{
  "model": "staff.medicalspecialist",
  "pk": 6,
  "fields": {
    "created_at": "2025-08-05T18:06:40.786Z",
    "updated_at": "2025-08-05T18:07:05.175Z",
    "first_name": "Дмитрий",
    "last_name": "Чиженцев",
    "middle_name": "Владимирович",
    "slug": "chizhentsev-dmitrij",
    "experience_years": 10,
    "education": "",
    "biography": "С центром реабилитации Спарта74 знаком с его основания. За годы работы прошел путь от \"помощника консультанта\" до руководителя организации . Постоянно обучаюсь, совершенствую свои навыки и знания. Прошел множество семинаров по работе с химически зависимыми людьми. Считаю, что в жизни нужно всегда развиваться и образовываться. Помогаю зависимым жить без алкоголя и наркотиков. Ценю то чем занимаюсь, думаю в этом мое призвание!",
    "achievements": "",
    "photo": "specialists/Чиженцев_Дмитрий.jpg",
    "is_active": true,
    "specializations": [
      11
    ]
  }
},
{
  "model": "staff.medicalspecialist",
  "pk": 7,
  "fields": {
    "created_at": "2025-08-05T18:12:26.688Z",
    "updated_at": "2025-08-05T18:13:46.118Z",
    "first_name": "Вера",
    "last_name": "Куянцева",
    "middle_name": null,
    "slug": "kujantseva-vera",
    "experience_years": 10,
    "education": "",
    "biography": "Опыт работы бухгалтером с 2004 года, в должности главного бухгалтера с 2008 года по настоящее время. Большой опыт работы с некоммерческими организациями различной направленности, в том числе, социальная поддержка и защита людей, оказавшихся в трудной жизненной ситуации и социальная реабилитация наркозависимых лиц. Благодаря ее работе, наша финансовая отчетность всегда в порядке.",
    "achievements": "",
    "photo": "specialists/Куянцева_Вера.jpg",
    "is_active": true,
    "specializations": [
      13
    ]
  }
},
{
  "model": "staff.medicalspecialist",
  "pk": 8,
  "fields": {
    "created_at": "2025-08-05T18:15:10.327Z",
    "updated_at": "2025-08-05T18:15:27.274Z",
    "first_name": "Кирилл",
    "last_name": "Ильченко",
    "middle_name": null,
    "slug": "ilchenko-kirill",
    "experience_years": 10,
    "education": "Психолог, специалист по социальной адаптации и работе с ближним окружением зависимых",
    "biography": "Практикующий клинический психолог, профессионал в области аддикций и девиантного поведения. Ведущий терапевтических групп, тренингов, лекции. Помогаю клиентам успешно преодолевать трудности. Я убежден: в каждом человеке есть ресурс, чтобы справиться с любыми сложностями! Помогаю этот ресурс обнаружить и научиться им пользоваться. Есть опыт эффективной работы с самыми разными запросами. Психологическое консультирование это мое ремесло. Это дело, где я постоянно развиваюсь и которому посвящаю себя.",
    "achievements": "",
    "photo": "specialists/Ильченко_Кирилл.jpg",
    "is_active": true,
    "specializations": [
      6
    ]
  }
},
{
  "model": "staff.medicalspecialist",
  "pk": 9,
  "fields": {
    "created_at": "2025-08-05T18:32:12.705Z",
    "updated_at": "2025-08-05T18:34:28.162Z",
    "first_name": "Виталий",
    "last_name": "Фотеев",
    "middle_name": "Иванович",
    "slug": "foteev-vitalij",
    "experience_years": 10,
    "education": "Старший консультант, координатор процесса социальной реабилитации",
    "biography": "Консультантом в центре может стать только тот человек, который преодолел зависимость от наркотиков или алкоголя. Считаю, что только зависимый человек может стать хорошим консультантом. Мне этот принцип позволяет обеспечить максимальную реализацию подхода «Равный - равному».",
    "achievements": "",
    "photo": "specialists/Фотеев_Виталий.jpg",
    "is_active": true,
    "specializations": [
      14
    ]
  }
},
{
  "model": "staff.medicalspecialist",
  "pk": 10,
  "fields": {
    "created_at": "2025-08-05T18:36:16.018Z",
    "updated_at": "2025-08-05T18:37:25.687Z",
    "first_name": "Гагик",
    "last_name": "Мнацаканян",
    "middle_name": null,
    "slug": "mnatsakanjan-gagik",
    "experience_years": 7,
    "education": "",
    "biography": "Чуткий и мудрый человек, отличный специалист. Умеет слушать и при этом слышит клиентов нашего учреждения! Внимателен к деталям процесса социальной реабилитации. Индивидуальный подход к каждому для него аксиома и незыблемая истина. Благодаря эмпатии и профессионализму строит эффективный процесс работы.",
    "achievements": "",
    "photo": "specialists/Мнацаканян_Гагик.jpg",
    "is_active": true,
    "specializations": [
      14
    ]
  }
},
{
  "model": "staff.medicalspecialist",
  "pk": 11,
  "fields": {
    "created_at": "2025-08-05T18:38:25.255Z",
    "updated_at": "2025-08-05T18:38:41.664Z",
    "first_name": "Михаил",
    "last_name": "Варчак",
    "middle_name": "Иванович",
    "slug": "varchak-mihail",
    "experience_years": 5,
    "education": "",
    "biography": "Считаю, что главной целью консультанта является показать на собственном примере: я — такой же, как и ты, ничуть не хуже и не лучше. Я нашел путь к выздоровлению. Если хочешь, я покажу его и тебе! Помогаю людям попавшим в алкогольную и наркотическую зависимость, обрести навык трезвой, здоровой жизни, обрести новые интересы и быть здоровым примером подрастающему поколению.",
    "achievements": "",
    "photo": "specialists/Варчак_Михаил.jpg",
    "is_active": true,
    "specializations": [
      15
    ]
  }
},
{
  "model": "staff.medicalspecialist",
  "pk": 12,
  "fields": {
    "created_at": "2025-08-05T18:41:08.802Z",
    "updated_at": "2025-08-05T18:41:18.850Z",
    "first_name": "Артем",
    "last_name": "Игнатенко",
    "middle_name": "Иванович",
    "slug": "ignatenko-artem",
    "experience_years": 5,
    "education": "",
    "biography": "Я придерживаюсь простого и ясного взгляда: восстановление должно быть доступным и сопровождаться профессионалами. Все чем владел и умел человек в прежней жизни, постепенно забирает зависимость: уходит здоровье, любимая работа, семья, нравственный и моральный облик. Я помогу вам разорвать порочную цепь зависимости и вернуть радость в жизни!",
    "achievements": "",
    "photo": "specialists/Игнатенко_Артем.jpg",
    "is_active": true,
    "specializations": [
      16
    ]
  }
},
{
  "model": "staff.facilityspecialist",
  "pk": 11,
  "fields": {
    "content_type": 10,
    "object_id": 2,
    "position": "Консультант-аддиктолог",
    "schedule": "",
    "order": null,
    "meta_title": null,
    "meta_description": "",
    "meta_keywords": null,
    "meta_image": ""
  }
},
{
  "model": "staff.facilityspecialist",
  "pk": 4,
  "fields": {
    "content_type": 10,
    "object_id": 1,
    "position": "Психолог",
    "schedule": "",
    "order": null,
    "meta_title": null,
    "meta_description": "",
    "meta_keywords": null,
    "meta_image": ""
  }
},
{
  "model": "staff.facilityspecialist",
  "pk": 12,
  "fields": {
    "content_type": 10,
    "object_id": 2,
    "position": "Социальный работник",
    "schedule": "",
    "order": null,
    "meta_title": null,
    "meta_description": "",
    "meta_keywords": null,
    "meta_image": ""
  }
},
{
  "model": "staff.facilityspecialist",
  "pk": 8,
  "fields": {
    "content_type": 10,
    "object_id": 2,
    "position": "Психолог",
    "schedule": "",
    "order": null,
    "meta_title": null,
    "meta_description": "",
    "meta_keywords": null,
    "meta_image": ""
  }
},
{
  "model": "staff.facilityspecialist",
  "pk": 7,
  "fields": {
    "content_type": 10,
    "object_id": 2,
    "position": "Главный бухгалтер",
    "schedule": "",
    "order": null,
    "meta_title": null,
    "meta_description": "",
    "meta_keywords": null,
    "meta_image": ""
  }
},
{
  "model": "staff.facilityspecialist",
  "pk": 1,
  "fields": {
    "content_type": 10,
    "object_id": 1,
    "position": "Руководитель терапии",
    "schedule": "",
    "order": 1,
    "meta_title": "Василий Лучшев. Психолог. Психотерапевт.",
    "meta_description": "Василий Лучшев. Психолог. Психотерапевт. Автор метода терапии зависимостей \"Rehab hacking\" Лечение зависимостей.",
    "meta_keywords": "Василий Лучшев. Психолог. Психотерапевт. Автор метода терапии зависимостей \"Rehab hacking\"",
    "meta_image": ""
  }
},
{
  "model": "staff.facilityspecialist",
  "pk": 10,
  "fields": {
    "content_type": 10,
    "object_id": 2,
    "position": "Консультант-аддиктолог",
    "schedule": "",
    "order": null,
    "meta_title": null,
    "meta_description": "",
    "meta_keywords": null,
    "meta_image": ""
  }
},
{
  "model": "staff.facilityspecialist",
  "pk": 3,
  "fields": {
    "content_type": 10,
    "object_id": 1,
    "position": "Консультант-аддиктолог",
    "schedule": "",
    "order": 3,
    "meta_title": null,
    "meta_description": "",
    "meta_keywords": null,
    "meta_image": ""
  }
},
{
  "model": "staff.facilityspecialist",
  "pk": 2,
  "fields": {
    "content_type": 10,
    "object_id": 1,
    "position": "Консультант-аддиктолог",
    "schedule": "",
    "order": 2,
    "meta_title": null,
    "meta_description": "",
    "meta_keywords": null,
    "meta_image": ""
  }
},
{
  "model": "staff.facilityspecialist",
  "pk": 9,
  "fields": {
    "content_type": 10,
    "object_id": 2,
    "position": "Старший консультант",
    "schedule": "",
    "order": null,
    "meta_title": null,
    "meta_description": "",
    "meta_keywords": null,
    "meta_image": ""
  }
},
{
  "model": "staff.facilityspecialist",
  "pk": 5,
  "fields": {
    "content_type": 10,
    "object_id": 2,
    "position": "Директор",
    "schedule": "",
    "order": 1,
    "meta_title": null,
    "meta_description": "",
    "meta_keywords": null,
    "meta_image": ""
  }
},
{
  "model": "staff.facilityspecialist",
  "pk": 6,
  "fields": {
    "content_type": 10,
    "object_id": 2,
    "position": "Руководитель",
    "schedule": "",
    "order": null,
    "meta_title": null,
    "meta_description": "",
    "meta_keywords": null,
    "meta_image": ""
  }
},
{
  "model": "staff.specialistdocument",
  "pk": 1,
  "fields": {
    "created_at": "2025-08-05T13:01:14.788Z",
    "updated_at": "2025-08-05T13:01:14.788Z",
    "specialist": 1,
    "document_type": "diploma",
    "title": "Диплом",
    "document": "specialists/documents/photo_2025-07-30_09-31-18.jpg",
    "number": null,
    "issue_date": "2021-06-21",
    "expiry_date": "2030-12-07",
    "is_active": true
  }
},
{
  "model": "staff.specialistdocument",
  "pk": 2,
  "fields": {
    "created_at": "2025-08-05T13:02:03.487Z",
    "updated_at": "2025-08-05T13:02:03.487Z",
    "specialist": 1,
    "document_type": "diploma",
    "title": "Диплом",
    "document": "specialists/documents/photo_2025-07-30_09-31-28.jpg",
    "number": null,
    "issue_date": "2021-06-21",
    "expiry_date": "2030-09-11",
    "is_active": true
  }
},
{
  "model": "staff.specialistdocument",
  "pk": 3,
  "fields": {
    "created_at": "2025-08-05T13:02:43.191Z",
    "updated_at": "2025-08-05T13:02:43.191Z",
    "specialist": 1,
    "document_type": "diploma",
    "title": "Диплом",
    "document": "specialists/documents/photo_2025-07-30_09-31-33.jpg",
    "number": null,
    "issue_date": "2021-06-21",
    "expiry_date": "2030-09-11",
    "is_active": true
  }
},
{
  "model": "staff.specialistdocument",
  "pk": 4,
  "fields": {
    "created_at": "2025-08-05T13:02:58.344Z",
    "updated_at": "2025-08-05T13:02:58.344Z",
    "specialist": 1,
    "document_type": "diploma",
    "title": "Диплом",
    "document": "specialists/documents/photo_2025-07-30_09-59-45.jpg",
    "number": null,
    "issue_date": "2021-06-21",
    "expiry_date": "2030-09-11",
    "is_active": true
  }
},
{
  "model": "staff.specialistdocument",
  "pk": 5,
  "fields": {
    "created_at": "2025-08-05T13:03:15.770Z",
    "updated_at": "2025-08-05T13:03:15.770Z",
    "specialist": 1,
    "document_type": "diploma",
    "title": "Диплом",
    "document": "specialists/documents/photo_2025-07-30_09-59-53.jpg",
    "number": null,
    "issue_date": "2021-06-21",
    "expiry_date": "2030-09-11",
    "is_active": true
  }
},
{
  "model": "staff.specialistdocument",
  "pk": 6,
  "fields": {
    "created_at": "2025-08-05T13:19:28.158Z",
    "updated_at": "2025-08-05T13:19:28.158Z",
    "specialist": 2,
    "document_type": "diploma",
    "title": "Диплом",
    "document": "specialists/documents/photo_2025-07-30_09-54-39.jpg",
    "number": null,
    "issue_date": "2021-06-21",
    "expiry_date": "2030-09-11",
    "is_active": true
  }
},
{
  "model": "staff.specialistdocument",
  "pk": 12,
  "fields": {
    "created_at": "2025-08-05T15:56:42.042Z",
    "updated_at": "2025-08-05T15:56:42.042Z",
    "specialist": 4,
    "document_type": "diploma",
    "title": "Диплом",
    "document": "specialists/documents/photo_2025-07-30_09-53-45.jpg",
    "number": null,
    "issue_date": "2021-06-21",
    "expiry_date": "2030-09-11",
    "is_active": true
  }
},
{
  "model": "staff.specialistdocument",
  "pk": 13,
  "fields": {
    "created_at": "2025-08-05T15:56:52.533Z",
    "updated_at": "2025-08-05T15:56:52.533Z",
    "specialist": 4,
    "document_type": "diploma",
    "title": "Диплом",
    "document": "specialists/documents/photo_2025-07-30_09-53-41.jpg",
    "number": null,
    "issue_date": "2021-06-21",
    "expiry_date": "2030-09-11",
    "is_active": true
  }
},
{
  "model": "staff.specialistdocument",
  "pk": 14,
  "fields": {
    "created_at": "2025-08-05T15:57:07.456Z",
    "updated_at": "2025-08-05T15:57:07.456Z",
    "specialist": 4,
    "document_type": "diploma",
    "title": "Диплом",
    "document": "specialists/documents/photo_2025-07-30_09-53-38.jpg",
    "number": null,
    "issue_date": "2021-06-21",
    "expiry_date": "2030-09-11",
    "is_active": true
  }
},
{
  "model": "staff.specialistdocument",
  "pk": 15,
  "fields": {
    "created_at": "2025-08-05T15:57:22.330Z",
    "updated_at": "2025-08-05T15:57:22.330Z",
    "specialist": 4,
    "document_type": "diploma",
    "title": "Диплом",
    "document": "specialists/documents/photo_2025-07-30_09-53-35.jpg",
    "number": null,
    "issue_date": "2021-06-21",
    "expiry_date": "2030-09-11",
    "is_active": true
  }
},
{
  "model": "staff.specialistdocument",
  "pk": 16,
  "fields": {
    "created_at": "2025-08-05T15:57:46.066Z",
    "updated_at": "2025-08-05T15:57:46.066Z",
    "specialist": 4,
    "document_type": "diploma",
    "title": "Диплом",
    "document": "specialists/documents/photo_2025-07-30_09-53-31.jpg",
    "number": null,
    "issue_date": "2021-06-21",
    "expiry_date": "2030-09-11",
    "is_active": true
  }
},
{
  "model": "staff.specialistdocument",
  "pk": 17,
  "fields": {
    "created_at": "2025-08-05T15:58:25.734Z",
    "updated_at": "2025-08-05T15:58:25.734Z",
    "specialist": 4,
    "document_type": "diploma",
    "title": "Диплом",
    "document": "specialists/documents/photo_2025-07-30_09-53-27.jpg",
    "number": null,
    "issue_date": "2021-06-21",
    "expiry_date": "2030-09-11",
    "is_active": true
  }
},
{
  "model": "staff.specialistdocument",
  "pk": 19,
  "fields": {
    "created_at": "2025-08-05T15:59:05.218Z",
    "updated_at": "2025-08-05T15:59:05.218Z",
    "specialist": 4,
    "document_type": "diploma",
    "title": "Диплом",
    "document": "specialists/documents/photo_2025-07-30_09-53-22_XBiRy91.jpg",
    "number": null,
    "issue_date": "2021-06-21",
    "expiry_date": "2030-09-11",
    "is_active": true
  }
},
{
  "model": "staff.specialistdocument",
  "pk": 20,
  "fields": {
    "created_at": "2025-08-05T15:59:16.896Z",
    "updated_at": "2025-08-05T15:59:16.896Z",
    "specialist": 4,
    "document_type": "diploma",
    "title": "Диплом",
    "document": "specialists/documents/photo_2025-07-30_09-53-16.jpg",
    "number": null,
    "issue_date": "2021-06-21",
    "expiry_date": "2030-09-11",
    "is_active": true
  }
},
{
  "model": "staff.specialistdocument",
  "pk": 21,
  "fields": {
    "created_at": "2025-08-05T17:58:57.165Z",
    "updated_at": "2025-08-05T17:58:57.165Z",
    "specialist": 5,
    "document_type": "diploma",
    "title": "Свидетельство",
    "document": "specialists/documents/image_5.jfif",
    "number": "1",
    "issue_date": "2021-06-21",
    "expiry_date": "2030-09-11",
    "is_active": true
  }
},
{
  "model": "staff.specialistdocument",
  "pk": 22,
  "fields": {
    "created_at": "2025-08-05T18:00:53.626Z",
    "updated_at": "2025-08-05T18:00:53.626Z",
    "specialist": 5,
    "document_type": "diploma",
    "title": "Свидетельство",
    "document": "specialists/documents/image_2.jfif",
    "number": "1",
    "issue_date": "2021-06-21",
    "expiry_date": "2030-09-11",
    "is_active": true
  }
},
{
  "model": "staff.specialistdocument",
  "pk": 23,
  "fields": {
    "created_at": "2025-08-05T18:01:13.702Z",
    "updated_at": "2025-08-05T18:01:13.702Z",
    "specialist": 5,
    "document_type": "diploma",
    "title": "Свидетельство",
    "document": "specialists/documents/image_3.jfif",
    "number": "1",
    "issue_date": "2021-06-21",
    "expiry_date": "2030-09-11",
    "is_active": true
  }
},
{
  "model": "staff.specialistdocument",
  "pk": 24,
  "fields": {
    "created_at": "2025-08-05T18:01:30.661Z",
    "updated_at": "2025-08-05T18:01:30.661Z",
    "specialist": 5,
    "document_type": "diploma",
    "title": "Свидетельство",
    "document": "specialists/documents/image_4.jfif",
    "number": "1",
    "issue_date": "2021-06-21",
    "expiry_date": "2030-09-11",
    "is_active": true
  }
},
{
  "model": "staff.specialistdocument",
  "pk": 25,
  "fields": {
    "created_at": "2025-08-05T18:01:52.290Z",
    "updated_at": "2025-08-05T18:01:52.290Z",
    "specialist": 5,
    "document_type": "diploma",
    "title": "Свидетельство",
    "document": "specialists/documents/image_5_3C7ipA4.jfif",
    "number": "1",
    "issue_date": "2021-06-21",
    "expiry_date": "2030-09-11",
    "is_active": true
  }
},
{
  "model": "staff.specialistdocument",
  "pk": 26,
  "fields": {
    "created_at": "2025-08-05T18:02:06.163Z",
    "updated_at": "2025-08-05T18:02:06.163Z",
    "specialist": 5,
    "document_type": "certificate",
    "title": "Свидетельство",
    "document": "specialists/documents/image.jfif",
    "number": "1",
    "issue_date": "2021-06-21",
    "expiry_date": "2030-09-11",
    "is_active": true
  }
},
{
  "model": "staff.specialistdocument",
  "pk": 31,
  "fields": {
    "created_at": "2025-08-05T18:17:56.018Z",
    "updated_at": "2025-08-05T18:17:56.018Z",
    "specialist": 8,
    "document_type": "diploma",
    "title": "Свидетельство",
    "document": "specialists/documents/image_1_uxxymXK.jfif",
    "number": "1",
    "issue_date": "2021-06-21",
    "expiry_date": "2030-09-11",
    "is_active": true
  }
},
{
  "model": "staff.specialistdocument",
  "pk": 32,
  "fields": {
    "created_at": "2025-08-05T18:18:15.338Z",
    "updated_at": "2025-08-05T18:18:15.338Z",
    "specialist": 8,
    "document_type": "diploma",
    "title": "Свидетельство",
    "document": "specialists/documents/image_2_NyTZF45.jfif",
    "number": "1",
    "issue_date": "2021-06-21",
    "expiry_date": "2030-09-11",
    "is_active": true
  }
},
{
  "model": "staff.specialistdocument",
  "pk": 33,
  "fields": {
    "created_at": "2025-08-05T18:18:29.666Z",
    "updated_at": "2025-08-05T18:18:29.666Z",
    "specialist": 8,
    "document_type": "diploma",
    "title": "Свидетельство",
    "document": "specialists/documents/image_4_zJ5U6Ph.jfif",
    "number": "1",
    "issue_date": "2021-06-21",
    "expiry_date": "2030-09-11",
    "is_active": true
  }
},
{
  "model": "staff.specialistdocument",
  "pk": 34,
  "fields": {
    "created_at": "2025-08-05T18:18:42.298Z",
    "updated_at": "2025-08-05T18:18:42.298Z",
    "specialist": 8,
    "document_type": "diploma",
    "title": "Свидетельство",
    "document": "specialists/documents/image_I44ZGij.jfif",
    "number": "1",
    "issue_date": "2021-06-21",
    "expiry_date": "2030-09-11",
    "is_active": true
  }
},
{
  "model": "staff.specialistdocument",
  "pk": 35,
  "fields": {
    "created_at": "2025-08-05T18:26:52.907Z",
    "updated_at": "2025-08-05T18:26:52.907Z",
    "specialist": 6,
    "document_type": "license",
    "title": "Диплом",
    "document": "specialists/documents/image_1.jfif",
    "number": "343456457783",
    "issue_date": "2021-06-21",
    "expiry_date": "2030-09-11",
    "is_active": true
  }
},
{
  "model": "staff.specialistdocument",
  "pk": 36,
  "fields": {
    "created_at": "2025-08-05T18:27:06.093Z",
    "updated_at": "2025-08-05T18:27:06.093Z",
    "specialist": 6,
    "document_type": "diploma",
    "title": "Диплом",
    "document": "specialists/documents/image_2_RH15dms.jfif",
    "number": "343456457783",
    "issue_date": "2021-06-21",
    "expiry_date": "2030-09-11",
    "is_active": true
  }
},
{
  "model": "staff.specialistdocument",
  "pk": 37,
  "fields": {
    "created_at": "2025-08-05T18:27:20.258Z",
    "updated_at": "2025-08-05T18:27:20.258Z",
    "specialist": 6,
    "document_type": "diploma",
    "title": "Диплом",
    "document": "specialists/documents/image_3_5dGMIYi.jfif",
    "number": "343456457783",
    "issue_date": "2021-06-21",
    "expiry_date": "2030-09-11",
    "is_active": true
  }
},
{
  "model": "staff.specialistdocument",
  "pk": 38,
  "fields": {
    "created_at": "2025-08-05T18:28:03.617Z",
    "updated_at": "2025-08-05T18:28:03.617Z",
    "specialist": 6,
    "document_type": "license",
    "title": "Свидетельство",
    "document": "specialists/documents/image_5_dKxsCmb.jfif",
    "number": "343456457783",
    "issue_date": "2021-06-21",
    "expiry_date": "2030-12-07",
    "is_active": true
  }
},
{
  "model": "staff.specialistdocument",
  "pk": 39,
  "fields": {
    "created_at": "2025-08-05T18:28:15.924Z",
    "updated_at": "2025-08-05T18:28:15.924Z",
    "specialist": 6,
    "document_type": "diploma",
    "title": "Свидетельство",
    "document": "specialists/documents/image_7r4ngfG.jfif",
    "number": "343456457783",
    "issue_date": "2021-06-21",
    "expiry_date": "2030-12-07",
    "is_active": true
  }
},
{
  "model": "staff.specialistdocument",
  "pk": 40,
  "fields": {
    "created_at": "2025-08-05T18:33:27.016Z",
    "updated_at": "2025-08-05T18:33:27.016Z",
    "specialist": 9,
    "document_type": "diploma",
    "title": "Свидетельство",
    "document": "specialists/documents/image_4_8Cbogce.jfif",
    "number": "343456457783",
    "issue_date": "2021-06-21",
    "expiry_date": "2030-12-07",
    "is_active": true
  }
},
{
  "model": "users.user",
  "pk": 1,
  "fields": {
    "password": "pbkdf2_sha256$870000$zrTO2wFW6rUX5seouveU3h$xheWrmyyoc6sipwXv686PuLezfO9A1ivYxRqMXgmAOU=",
    "is_superuser": true,
    "username": "admin",
    "first_name": "",
    "last_name": "",
    "is_staff": true,
    "role": "superuser",
    "email": "admin@admin.com",
    "is_active": true,
    "last_login": "2025-08-04T17:57:33.141Z",
    "date_joined": "2025-08-01T12:42:52.078Z",
    "groups": [],
    "user_permissions": []
  }
},
{
  "model": "users.user",
  "pk": 2,
  "fields": {
    "password": "pbkdf2_sha256$870000$Fe3S7LPVz0xfgXSasYu4uC$ldBaoFrb8DfwcYc1Ef1xHHeCodZKH4Q4bzbZVao6JqE=",
    "is_superuser": true,
    "username": "max",
    "first_name": "",
    "last_name": "",
    "is_staff": true,
    "role": "superuser",
    "email": "gavrilets.m@mail.ru",
    "is_active": true,
    "last_login": "2025-08-04T18:00:54.427Z",
    "date_joined": "2025-08-04T17:59:40.825Z",
    "groups": [],
    "user_permissions": []
  }
},
{
  "model": "users.userprofile",
  "pk": 1,
  "fields": {
    "created_at": "2025-08-02T11:55:13.688Z",
    "updated_at": "2025-08-04T17:57:33.146Z",
    "user": 1,
    "birth_date": null,
    "gender": null,
    "address": null,
    "bio": null
  }
},
{
  "model": "users.userprofile",
  "pk": 2,
  "fields": {
    "created_at": "2025-08-04T17:59:40.828Z",
    "updated_at": "2025-08-04T18:00:54.432Z",
    "user": 2,
    "birth_date": null,
    "gender": null,
    "address": null,
    "bio": null
  }
},
{
  "model": "users.useractionlog",
  "pk": 1,
  "fields": {
    "created_at": "2025-08-04T17:59:40.829Z",
    "updated_at": "2025-08-04T17:59:40.829Z",
    "user": 1,
    "action": "create",
    "model_name": "User",
    "object_id": 2,
    "details": "Создан новый пользователь: max"
  }
},
{
  "model": "blog.blogcategory",
  "pk": 1,
  "fields": {
    "created_at": "2024-03-01T00:00:00Z",
    "updated_at": "2024-03-01T00:00:00Z",
    "name": "Алкоголизм",
    "slug": "alkogolizm",
    "description": "Статьи о лечении алкоголизма и реабилитации",
    "parent": null,
    "order": 1
  }
},
{
  "model": "blog.blogcategory",
  "pk": 2,
  "fields": {
    "created_at": "2024-03-01T00:00:00Z",
    "updated_at": "2024-03-01T00:00:00Z",
    "name": "Наркомания",
    "slug": "narkomaniya",
    "description": "Статьи о лечении наркомании и реабилитации",
    "parent": null,
    "order": 2
  }
},
{
  "model": "blog.blogcategory",
  "pk": 3,
  "fields": {
    "created_at": "2024-03-01T00:00:00Z",
    "updated_at": "2024-03-01T00:00:00Z",
    "name": "Созависимость",
    "slug": "sozavisimost",
    "description": "Статьи о созависимости и её лечении",
    "parent": null,
    "order": 3
  }
},
{
  "model": "blog.blogcategory",
  "pk": 4,
  "fields": {
    "created_at": "2024-03-01T00:00:00Z",
    "updated_at": "2024-03-01T00:00:00Z",
    "name": "Психология",
    "slug": "psihologiya",
    "description": "Статьи по психологии и психотерапии",
    "parent": null,
    "order": 4
  }
},
{
  "model": "blog.blogcategory",
  "pk": 5,
  "fields": {
    "created_at": "2024-03-01T00:00:00Z",
    "updated_at": "2024-03-01T00:00:00Z",
    "name": "Реабилитация",
    "slug": "reabilitaciya",
    "description": "Статьи о процессе реабилитации",
    "parent": null,
    "order": 5
  }
},
{
  "model": "blog.blogcategory",
  "pk": 6,
  "fields": {
    "created_at": "2024-03-01T00:00:00Z",
    "updated_at": "2024-03-01T00:00:00Z",
    "name": "Семейная терапия",
    "slug": "semeynaya-terapiya",
    "description": "Статьи о семейной терапии",
    "parent": null,
    "order": 6
  }
},
{
  "model": "blog.blogcategory",
  "pk": 7,
  "fields": {
    "created_at": "2024-03-01T00:00:00Z",
    "updated_at": "2024-03-01T00:00:00Z",
    "name": "Профилактика",
    "slug": "profilaktika",
    "description": "Статьи о профилактике зависимостей",
    "parent": null,
    "order": 7
  }
},
{
  "model": "blog.blogcategory",
  "pk": 8,
  "fields": {
    "created_at": "2024-03-01T00:00:00Z",
    "updated_at": "2024-03-01T00:00:00Z",
    "name": "Истории выздоровления",
    "slug": "istorii-vyzdorovleniya",
    "description": "Реальные истории выздоровления",
    "parent": null,
    "order": 8
  }
},
{
  "model": "blog.blogcategory",
  "pk": 9,
  "fields": {
    "created_at": "2024-03-01T00:00:00Z",
    "updated_at": "2024-03-01T00:00:00Z",
    "name": "Медикаментозное лечение",
    "slug": "medikamentoznoe-lechenie",
    "description": "Статьи о медикаментозном лечении",
    "parent": null,
    "order": 9
  }
},
{
  "model": "blog.blogcategory",
  "pk": 10,
  "fields": {
    "created_at": "2024-03-01T00:00:00Z",
    "updated_at": "2024-03-01T00:00:00Z",
    "name": "Социальная адаптация",
    "slug": "socialnaya-adaptaciya",
    "description": "Статьи о социальной адаптации после лечения",
    "parent": null,
    "order": 10
  }
},
{
  "model": "blog.tag",
  "pk": 1,
  "fields": {
    "name": "Профилактика и предупреждение",
    "slug": "profilaktika-i-preduprezhdenie",
    "icon": "deps/icons/articles_tags_icons/hand-stop-icon.svg",
    "description": "Материалы по профилактике зависимостей и предупреждению рецидивов",
    "is_active": true,
    "is_system": true,
    "created_at": "2025-08-01T12:41:25.868Z",
    "updated_at": "2025-08-01T12:41:25.868Z"
  }
},
{
  "model": "blog.tag",
  "pk": 2,
  "fields": {
    "name": "Юридическая консультация",
    "slug": "yuridicheskaya-konsultatsiya",
    "icon": "deps/icons/articles_tags_icons/justice-hammer-icon.svg",
    "description": "Правовые вопросы, связанные с зависимостями и реабилитацией",
    "is_active": true,
    "is_system": true,
    "created_at": "2025-08-01T12:41:25.872Z",
    "updated_at": "2025-08-01T12:41:25.872Z"
  }
},
{
  "model": "blog.tag",
  "pk": 3,
  "fields": {
    "name": "Психиатрия",
    "slug": "psihiatriya",
    "icon": "deps/icons/articles_tags_icons/psychiatrist-icon.svg",
    "description": "Психиатрические аспекты лечения зависимостей",
    "is_active": true,
    "is_system": true,
    "created_at": "2025-08-01T12:41:25.875Z",
    "updated_at": "2025-08-01T12:41:25.875Z"
  }
},
{
  "model": "blog.tag",
  "pk": 4,
  "fields": {
    "name": "Психология",
    "slug": "psihologiya",
    "icon": "deps/icons/articles_tags_icons/psychologist-icon.svg",
    "description": "Психологические методы лечения и поддержки",
    "is_active": true,
    "is_system": true,
    "created_at": "2025-08-01T12:41:25.878Z",
    "updated_at": "2025-08-01T12:41:25.878Z"
  }
},
{
  "model": "blog.tag",
  "pk": 5,
  "fields": {
    "name": "Родственникам",
    "slug": "rodstvennikam",
    "icon": "deps/icons/articles_tags_icons/heart-icon.svg",
    "description": "Информация для родственников зависимых людей",
    "is_active": true,
    "is_system": true,
    "created_at": "2025-08-01T12:41:25.881Z",
    "updated_at": "2025-08-01T12:41:25.881Z"
  }
},
{
  "model": "blog.tag",
  "pk": 6,
  "fields": {
    "name": "Наркомания",
    "slug": "narkomaniya",
    "icon": "deps/icons/articles_tags_icons/medicine-icon.svg",
    "description": "Материалы по лечению наркотической зависимости",
    "is_active": true,
    "is_system": true,
    "created_at": "2025-08-01T12:41:25.883Z",
    "updated_at": "2025-08-01T12:41:25.883Z"
  }
},
{
  "model": "blog.tag",
  "pk": 7,
  "fields": {
    "name": "Алкоголизм",
    "slug": "alkogolizm",
    "icon": "deps/icons/articles_tags_icons/alcohol-icon.svg",
    "description": "Материалы по лечению алкогольной зависимости",
    "is_active": true,
    "is_system": true,
    "created_at": "2025-08-01T12:41:25.886Z",
    "updated_at": "2025-08-01T12:41:25.886Z"
  }
},
{
  "model": "blog.tag",
  "pk": 8,
  "fields": {
    "name": "Зависимости",
    "slug": "zavisimosti",
    "icon": "deps/icons/articles_tags_icons/broken-heart-icon.svg",
    "description": "Общие материалы по различным видам зависимостей",
    "is_active": true,
    "is_system": true,
    "created_at": "2025-08-01T12:41:25.889Z",
    "updated_at": "2025-08-01T12:41:25.889Z"
  }
},
{
  "model": "blog.tag",
  "pk": 9,
  "fields": {
    "name": "Ресоциализация",
    "slug": "resotsializatsiya",
    "icon": "deps/icons/articles_tags_icons/clients-icon.svg",
    "description": "Материалы по возвращению к нормальной жизни после лечения",
    "is_active": true,
    "is_system": true,
    "created_at": "2025-08-01T12:41:25.892Z",
    "updated_at": "2025-08-01T12:41:25.892Z"
  }
},
{
  "model": "requests.anonymousrequest",
  "pk": 1,
  "fields": {
    "created_at": "2025-08-04T18:03:43.914Z",
    "updated_at": "2025-08-04T18:03:43.914Z",
    "request_type": "consultation",
    "status": "new",
    "priority": "medium",
    "source": "website_form",
    "name": "max",
    "phone": "+7 (918) 624-51-11",
    "email": null,
    "organization": null,
    "message": "Заявка на консультацию",
    "patient_name": null,
    "patient_age": null,
    "preferred_contact_time": null,
    "organization_type": null,
    "assigned_organization": null,
    "content_type": null,
    "object_id": null,
    "preferred_service": "Консультация",
    "commission_amount": null,
    "commission_received_date": null,
    "commission_document": "",
    "created_by": null,
    "updated_by": null,
    "assigned_to": null
  }
},
{
  "model": "requests.anonymousrequest",
  "pk": 2,
  "fields": {
    "created_at": "2025-08-04T18:04:02.243Z",
    "updated_at": "2025-08-04T18:04:02.243Z",
    "request_type": "consultation",
    "status": "new",
    "priority": "medium",
    "source": "website_form",
    "name": "max",
    "phone": "+7 (918) 624-51-11",
    "email": null,
    "organization": null,
    "message": "Заявка на консультацию",
    "patient_name": null,
    "patient_age": null,
    "preferred_contact_time": null,
    "organization_type": null,
    "assigned_organization": null,
    "content_type": null,
    "object_id": null,
    "preferred_service": "Консультация",
    "commission_amount": null,
    "commission_received_date": null,
    "commission_document": "",
    "created_by": null,
    "updated_by": null,
    "assigned_to": null
  }
},
{
  "model": "requests.anonymousrequest",
  "pk": 3,
  "fields": {
    "created_at": "2025-08-04T18:04:18.939Z",
    "updated_at": "2025-08-04T18:04:18.939Z",
    "request_type": "consultation",
    "status": "new",
    "priority": "medium",
    "source": "website_form",
    "name": "max",
    "phone": "+7 (918) 624-51-11",
    "email": null,
    "organization": null,
    "message": "Заявка на консультацию",
    "patient_name": null,
    "patient_age": null,
    "preferred_contact_time": null,
    "organization_type": null,
    "assigned_organization": null,
    "content_type": null,
    "object_id": null,
    "preferred_service": "Консультация",
    "commission_amount": null,
    "commission_received_date": null,
    "commission_document": "",
    "created_by": null,
    "updated_by": null,
    "assigned_to": null
  }
},
{
  "model": "requests.anonymousrequest",
  "pk": 4,
  "fields": {
    "created_at": "2025-08-04T18:05:56.764Z",
    "updated_at": "2025-08-04T18:05:56.764Z",
    "request_type": "consultation",
    "status": "new",
    "priority": "medium",
    "source": "website_form",
    "name": "max",
    "phone": "+7 (918) 624-51-11",
    "email": null,
    "organization": null,
    "message": "Заявка на консультацию",
    "patient_name": null,
    "patient_age": null,
    "preferred_contact_time": null,
    "organization_type": null,
    "assigned_organization": null,
    "content_type": null,
    "object_id": null,
    "preferred_service": "Консультация",
    "commission_amount": null,
    "commission_received_date": null,
    "commission_document": "",
    "created_by": null,
    "updated_by": null,
    "assigned_to": null
  }
},
{
  "model": "medical_services.servicecategory",
  "pk": 1,
  "fields": {
    "created_at": "2024-01-01T00:00:00Z",
    "updated_at": "2024-01-01T00:00:00Z",
    "name": "Лечение алкоголизма",
    "slug": "lechenie-alkogolizma",
    "description": "Комплексное лечение алкогольной зависимости",
    "meta_title": null,
    "meta_description": null,
    "parent": null,
    "order": 1,
    "is_active": true
  }
},
{
  "model": "medical_services.servicecategory",
  "pk": 2,
  "fields": {
    "created_at": "2024-01-01T00:00:00Z",
    "updated_at": "2024-01-01T00:00:00Z",
    "name": "Лечение наркомании",
    "slug": "lechenie-narkomanii",
    "description": "Комплексное лечение наркотической зависимости",
    "meta_title": null,
    "meta_description": null,
    "parent": null,
    "order": 2,
    "is_active": true
  }
},
{
  "model": "medical_services.servicecategory",
  "pk": 3,
  "fields": {
    "created_at": "2024-01-01T00:00:00Z",
    "updated_at": "2024-01-01T00:00:00Z",
    "name": "Другие услуги",
    "slug": "drugie-uslugi",
    "description": "Дополнительные услуги по лечению зависимостей",
    "meta_title": null,
    "meta_description": null,
    "parent": null,
    "order": 3,
    "is_active": true
  }
},
{
  "model": "medical_services.servicecategory",
  "pk": 4,
  "fields": {
    "created_at": "2025-08-04T18:08:31.278Z",
    "updated_at": "2025-08-05T19:14:05.805Z",
    "name": "Реабилитационные программы",
    "slug": "reabilitacionnye-programmy",
    "description": "",
    "meta_title": null,
    "meta_description": "",
    "parent": 2,
    "order": 0,
    "is_active": true
  }
},
{
  "model": "medical_services.service",
  "pk": 1,
  "fields": {
    "created_at": "2025-08-01T16:33:32.269Z",
    "updated_at": "2025-08-01T16:35:30.344Z",
    "name": "Консультация врача-реабилитолога",
    "slug": "konsultatsiya-vracha-reabilitologa",
    "description": "Первичная консультация с составлением индивидуального плана реабилитации",
    "meta_title": null,
    "meta_description": null,
    "is_active": true,
    "is_rehabilitation_program": false,
    "display_order": 6,
    "categories": [
      1,
      2
    ]
  }
},
{
  "model": "medical_services.service",
  "pk": 3,
  "fields": {
    "created_at": "2025-08-01T16:33:32.284Z",
    "updated_at": "2025-08-05T16:50:20.852Z",
    "name": "Психологическая реабилитация",
    "slug": "psihologicheskaya-reabilitatsiya",
    "description": "Индивидуальные консультации психолога для восстановления психологического здоровья",
    "meta_title": null,
    "meta_description": null,
    "is_active": true,
    "is_rehabilitation_program": false,
    "display_order": 8,
    "categories": [
      1,
      2
    ]
  }
},
{
  "model": "medical_services.service",
  "pk": 7,
  "fields": {
    "created_at": "2025-08-05T12:15:37.749Z",
    "updated_at": "2025-08-05T16:56:17.547Z",
    "name": "Метод терапии зависимостей \"Rehab hacking\"",
    "slug": "metod-reabilitatsii-rehab-hacking",
    "description": "Rehab-Hacking: уникальная программа реабилитации Это действительно необычный и очень эффективный подход к реабилитации для тех, кто устал от алкоголя, наркотиков или других зависимостей.Что представляет собой Rehab-Hacking? Rehab-Hacking - это комплексная программа реабилитации от любых видов зависимостей, разработанная нами на основе 25-летнего опыта работы с пациентами. Мы учитываем все особенности и проблемы каждого конкретного человека и подбираем индивидуальную тактику реабилитации. Наш подход довольно нестандартный. Мы не просто лечим физическую зависимость и ее последствия. Мы работаем и с психологическими причинами возникновения этой болезни. А для этого применяем методы реверсивной психологии, трудотерапии, семейной терапии и многое другое. Как проходит Rehab-Hacking? Работа с причинами возникновения болезни. Наши опытные психологи и психотерапевты проводят индивидуальные и групповые занятия, тренинги, используют арт-терапию. Мы лечим душу, а не только тело! Реинтеграция и профилактика рецидивов. Заключительный этап - это подготовка человека к возвращению к нормальной жизни без зависимостей. Мы обучаем навыкам профилактики рецидивов, работаем с созависимыми родственниками, помогаем с трудоустройством. Все для того, чтобы эффект от реабилитации был долгосрочным. Для кого подходит Rehab-Hacking? Наш нестандартный подход подходит далеко не всем. Это сложная программа, требующая серьезной внутренней работы над собой.",
    "meta_title": "Rehab-Hacking.",
    "meta_description": "Rehab-Hacking. Другой взгляд на реабилитацию.",
    "is_active": true,
    "is_rehabilitation_program": true,
    "display_order": 0,
    "categories": [
      1,
      2,
      3
    ]
  }
},
{
  "model": "medical_services.service",
  "pk": 8,
  "fields": {
    "created_at": "2025-08-05T12:41:07.226Z",
    "updated_at": "2025-08-05T16:56:17.561Z",
    "name": "Метод терапии зависимостей \"SMART Recovery\"",
    "slug": "metod-terapii-zavisimostey-smart-recovery",
    "description": "SMART Recovery (Self-Management and Recovery Training) — это международная некоммерческая программа, основанная на научных принципах и когнитивно-поведенческой терапии (КПТ). Ее цель — помочь людям преодолеть зависимости (алкоголь, наркотики, азартные игры и др.) через развитие навыков самоуправления. Ключевые особенности:\r\n•\tМотивация Анализ преимуществ отказа от зависимости и постановка целей.\r\n•\tБорьба с позывами Техники распознавания триггеров и управления тягой (например, DISARM для работы с негативным самовнушением).\r\n•\tУправление мыслями и поведением Использование ABC-модели (Активатор → Убеждения → Последствия → Спор → Эффективное мышление) для изменения иррациональных установок.\r\n•\tСбалансированная жизнь Планирование здорового образа жизни (сон, питание, хобби).\r\nНаучная база: Интеграция методов когнитивно-поведенческой терапии (КПТ), рационально-эмоциональной терапии (REBT) и мотивационных интервью.\r\nФилософия: Зависимость — поведенческая проблема, которую можно решить, а не пожизненная болезнь. Акцент на самодостаточности, отказ от стигматизирующих терминов (например, алкоголик)",
    "meta_title": null,
    "meta_description": "",
    "is_active": true,
    "is_rehabilitation_program": true,
    "display_order": 0,
    "categories": [
      1,
      2,
      3
    ]
  }
},
{
  "model": "medical_services.service",
  "pk": 9,
  "fields": {
    "created_at": "2025-08-05T14:36:31.282Z",
    "updated_at": "2025-08-05T16:50:20.662Z",
    "name": "Детоксикация",
    "slug": "detoksikatsiya",
    "description": "Детоксикация (детокс) — это медицинская процедура выведения токсинов из организма при прекращении употребления психоактивных веществ (алкоголь, наркотики, некоторые лекарства). Это первый этап лечения зависимости, направленный на физическую стабилизацию.",
    "meta_title": null,
    "meta_description": "",
    "is_active": true,
    "is_rehabilitation_program": false,
    "display_order": 1,
    "categories": [
      1,
      2
    ]
  }
},
{
  "model": "medical_services.service",
  "pk": 10,
  "fields": {
    "created_at": "2025-08-05T16:07:16.590Z",
    "updated_at": "2025-08-05T16:50:20.799Z",
    "name": "Психодиагностика",
    "slug": "psihodiagnostika",
    "description": "Психодиагностика - это клиническая оценка психологических, эмоциональных и поведенческих особенностей человека с зависимостью для:\r\n•Выявления типа/стадии зависимости;\r\n•Определения сопутствующих расстройств (депрессия, тревога, ПТСР);\r\n•Разработки индивидуального плана лечения.\r\nКлючевые задачи\r\n1.Оценка тяжести зависимости:\r\n•Частота/доза употребления, длительность, толерантность.\r\n•Наличие абстинентного синдрома.\r\n2.Выявление триггеров:\r\n•Эмоциональные (стресс, одиночество).\r\n•Социальные (конфликты, среда).\r\n3.Диагностика коморбидных нарушений:\r\n•До 60% зависимых имеют двойной диагноз (например, депрессия + алкоголизм).\r\n4.Анализ мотивации к лечению:\r\n•Готовность к изменениям.",
    "meta_title": null,
    "meta_description": "",
    "is_active": true,
    "is_rehabilitation_program": false,
    "display_order": 2,
    "categories": [
      1,
      2,
      3
    ]
  }
},
{
  "model": "medical_services.service",
  "pk": 11,
  "fields": {
    "created_at": "2025-08-05T16:17:11.512Z",
    "updated_at": "2025-08-05T16:50:20.674Z",
    "name": "Индивидуальные консультации",
    "slug": "individualnye-konsultatsii",
    "description": "Индивидуальная психологическая консультация — это целенаправленная форма профессиональной помощи, при которой психолог/психотерапевт работает с клиентом один на один для решения психологических проблем, эмоциональных трудностей или задач личностного роста.",
    "meta_title": null,
    "meta_description": "",
    "is_active": true,
    "is_rehabilitation_program": false,
    "display_order": 3,
    "categories": [
      1,
      2,
      3
    ]
  }
},
{
  "model": "medical_services.service",
  "pk": 12,
  "fields": {
    "created_at": "2025-08-05T16:19:52.136Z",
    "updated_at": "2025-08-05T16:50:20.812Z",
    "name": "Психологические тренинги",
    "slug": "psihologicheskie-treningi",
    "description": "Психологические тренинги для зависимых — это структурированные групповые занятия, направленные на развитие навыков, необходимых для преодоления зависимости, через практические упражнения, моделирование ситуаций и обратную связь.",
    "meta_title": null,
    "meta_description": "",
    "is_active": true,
    "is_rehabilitation_program": false,
    "display_order": 5,
    "categories": [
      1,
      2
    ]
  }
},
{
  "model": "medical_services.service",
  "pk": 13,
  "fields": {
    "created_at": "2025-08-05T16:23:05.393Z",
    "updated_at": "2025-08-05T16:50:20.824Z",
    "name": "Самоанализ и письменные задания",
    "slug": "samoanaliz-i-pismennye-zadaniya",
    "description": "Самоанализ и письменные задания в реабилитации — это структурированные методы рефлексии, направленные на осознание причин зависимости, триггеров срыва и личностных паттернов через фиксацию мыслей и переживаний в письменной форме.",
    "meta_title": null,
    "meta_description": "",
    "is_active": true,
    "is_rehabilitation_program": false,
    "display_order": 6,
    "categories": [
      1,
      2
    ]
  }
},
{
  "model": "medical_services.service",
  "pk": 14,
  "fields": {
    "created_at": "2025-08-05T16:25:33.850Z",
    "updated_at": "2025-08-05T19:18:17.524Z",
    "name": "Групповая работа",
    "slug": "gruppovaya-rabota",
    "description": "Групповая работа - это метод психосоциальной поддержки, при котором участники с зависимостями под руководством специалиста совместно прорабатывают проблемы, обмениваются опытом и осваивают навыки выздоровления в безопасной групповой динамике.",
    "meta_title": null,
    "meta_description": "",
    "is_active": true,
    "is_rehabilitation_program": false,
    "display_order": 4,
    "categories": [
      1,
      2
    ]
  }
},
{
  "model": "medical_services.service",
  "pk": 15,
  "fields": {
    "created_at": "2025-08-05T16:29:37.477Z",
    "updated_at": "2025-08-05T16:50:20.836Z",
    "name": "Семейные сессии",
    "slug": "semeynye-sessii",
    "description": "Семейные сессии с зависимыми - это специальная форма психотерапевтической работы, в которой участвуют как человек с зависимостью, так и члены его семьи, направленная на восстановление здоровых отношений и создание поддерживающей среды для выздоровления.\r\n Ключевые аспекты и цели:\r\n•Выявление дисфункциональных семейных паттернов, способствующих зависимости (созависимость, гиперопека, конфликты).\r\n•Обучение семьи эффективным стратегиям поддержки (без контроля и манипуляций).\r\n•Восстановление доверия и коммуникации между членами семьи.\r\n•Профилактика рецидивов через создание стабильной домашней среды.",
    "meta_title": null,
    "meta_description": "",
    "is_active": true,
    "is_rehabilitation_program": false,
    "display_order": 7,
    "categories": [
      1,
      2
    ]
  }
},
{
  "model": "medical_services.service",
  "pk": 16,
  "fields": {
    "created_at": "2025-08-05T16:32:02.333Z",
    "updated_at": "2025-08-05T19:16:02.578Z",
    "name": "Программа \"Базовая\" (30-60 дней)",
    "slug": "programma-bazovaya-30-60-dney",
    "description": "Длительность: 30–60 дней (1-2 месяца).\r\n Цель: стабилизация состояния, преодоление острого периода зависимости, \r\nформирование мотивации к восстановлению.\r\n Включает:\r\n Детоксикация\r\n Психологическая диагностика\r\n Индивидуальные консультации (3 в неделю)\r\n Психологические тренинги (1 в неделю)\r\n Ежедневный самоанализ и письменные задания\r\n Групповая работа (3 раза в день)\r\n Семейные сессии с психотерапевтом (2)\r\n Индивидуальная работа с руководителем программы\r\n Физическая активность (2 раза в день)\r\n Программа поддержки для близких\r\n Проживание, питание",
    "meta_title": null,
    "meta_description": "",
    "is_active": true,
    "is_rehabilitation_program": false,
    "display_order": 15,
    "categories": [
      4,
      1,
      2
    ]
  }
},
{
  "model": "medical_services.service",
  "pk": 17,
  "fields": {
    "created_at": "2025-08-05T16:33:51.928Z",
    "updated_at": "2025-08-05T19:16:13.661Z",
    "name": "Программа \"Полный курс\" (120–180 дней)",
    "slug": "programma-polnyy-kurs-120180-dney",
    "description": "Длительность: 120–180 дней (4-6 месяцев).\r\n Цель: устранение причин зависимости, закрепление устойчивого трезвого поведения, \r\nсоциализация.\r\n Включает:\r\n Индивидуальная психотерапия (8–12 сессий)\r\n Групповые тренинги (16–24)\r\n Глубокая проработка личных стратегий и триггеров\r\n Проживание, питание, баня 2 раза в неделю\r\n Коррекция программы по результатам сессий\r\n Семейная терапия\r\n Навыки самореализации\r\nСпортивная активность, ЛФК, парикмахер\r\n Программа для родственников\r\n Терапевтические группы",
    "meta_title": null,
    "meta_description": "",
    "is_active": true,
    "is_rehabilitation_program": false,
    "display_order": 16,
    "categories": [
      4,
      1,
      2
    ]
  }
},
{
  "model": "medical_services.service",
  "pk": 18,
  "fields": {
    "created_at": "2025-08-05T16:34:51.549Z",
    "updated_at": "2025-08-05T19:16:23.468Z",
    "name": "Программа \"Социальная адаптация\" (60–120 дней)",
    "slug": "programma-sotsialnaya-adaptatsiya-60120-dney",
    "description": "Длительность: 2–4 месяца.\r\n Цель: сопровождение на этапе выхода в социум.\r\n Формат: занятия 4 раза в неделю (12:00–14:00)\r\n Включает:\r\n Работа с психологами и соц. работниками\r\n Индивидуальные и групповые занятия\r\n Профориентация и помощь в трудоустройстве\r\n Культурные и спортивные мероприятия\r\n Поддержка после основной реабилитации\r\n Посещение терапевтических групп",
    "meta_title": null,
    "meta_description": "",
    "is_active": true,
    "is_rehabilitation_program": false,
    "display_order": 17,
    "categories": [
      4,
      1,
      2
    ]
  }
},
{
  "model": "medical_services.service",
  "pk": 19,
  "fields": {
    "created_at": "2025-08-05T16:37:35.105Z",
    "updated_at": "2025-08-05T19:15:25.057Z",
    "name": "КУРС \"INTENSIVE\"",
    "slug": "kurs-intensive",
    "description": "Цель – формирование мотивации на прохождение курса реабилитации; определение своих намерений для прохождение реабилитации. Сформировать мотивацию на прохождение реабилитации. Определить свои намерения для прохождения реабилитационного курса.\r\n Состоит из четырех разделов: «Пробуждение», «Преображение», «Прояснение», «Прогрессив». Каждый из этих разделов решает свои задачи и имеет разную продолжительность.",
    "meta_title": null,
    "meta_description": "",
    "is_active": true,
    "is_rehabilitation_program": false,
    "display_order": 10,
    "categories": [
      4,
      1,
      2
    ]
  }
},
{
  "model": "medical_services.service",
  "pk": 20,
  "fields": {
    "created_at": "2025-08-05T16:38:44.009Z",
    "updated_at": "2025-08-05T16:50:20.751Z",
    "name": "ПОСТ РЕАБИЛИТАЦИОННЫЙ КУРС \"NEXT\"",
    "slug": "post-reabilitatsionnyy-kurs-next",
    "description": "Послелечебная программа осуществляется путем работы по тетради NEXT. Является заключительным этапом реабилитации.  Направлена мотивированное целеполагание для устойчивой трезвости.   Продолжительность данного курса зависит от сроков выполнения обязательных заданий.",
    "meta_title": null,
    "meta_description": "",
    "is_active": true,
    "is_rehabilitation_program": false,
    "display_order": 14,
    "categories": [
      4,
      1,
      2,
      3
    ]
  }
},
{
  "model": "medical_services.service",
  "pk": 21,
  "fields": {
    "created_at": "2025-08-05T16:40:02.037Z",
    "updated_at": "2025-08-05T19:15:39.726Z",
    "name": "КУРС \"REBOOT\"",
    "slug": "kurs-reboot",
    "description": "Цель – работа над ошибками, благодаря усвоению духовных принципов ЧЕСТНОСТЬ, ГОТОВНОСТЬ, НЕПРЕДУБЕЖДЕННОСТЬ, ПРИНЯТИЕ, СМИРЕНИЕ, СФОРМИРОВАТЬ УСТОЙЧИВУЮ МОТИВАЦИЮ НА ТРЕЗВОСТЬ. Продолжительность курса от 4-х месяцев.",
    "meta_title": null,
    "meta_description": "",
    "is_active": true,
    "is_rehabilitation_program": false,
    "display_order": 12,
    "categories": [
      4,
      1,
      2
    ]
  }
},
{
  "model": "medical_services.service",
  "pk": 22,
  "fields": {
    "created_at": "2025-08-05T16:41:40.149Z",
    "updated_at": "2025-08-05T19:13:46.516Z",
    "name": "КУРС \"28 DAYS\"",
    "slug": "kurs-28-days",
    "description": "Цель - проведение экспресс работы на создание доминанты на трезвость (гортоновика, саморефлексия).\r\n•Экспресс курс предназначен для особо мотивированных людей; \r\n•В основе лежит метод Г. А. Шичко; \r\n•Гортоновика; \r\n•Саморефлексия;",
    "meta_title": null,
    "meta_description": "",
    "is_active": true,
    "is_rehabilitation_program": false,
    "display_order": 9,
    "categories": [
      4,
      1,
      2
    ]
  }
},
{
  "model": "medical_services.service",
  "pk": 23,
  "fields": {
    "created_at": "2025-08-05T16:42:15.130Z",
    "updated_at": "2025-08-05T16:50:20.724Z",
    "name": "КУРС \"NEARBY\"",
    "slug": "kurs-nearby",
    "description": "Представлен в виде рабочей тетради и предназначен для людей, которые окружают зависимого (для созависимых). Направлен на закрепление результатов реабилитации зависимого через работу с его окружением",
    "meta_title": null,
    "meta_description": "",
    "is_active": true,
    "is_rehabilitation_program": false,
    "display_order": 11,
    "categories": [
      4,
      1,
      2,
      3
    ]
  }
},
{
  "model": "medical_services.service",
  "pk": 24,
  "fields": {
    "created_at": "2025-08-05T16:43:09.805Z",
    "updated_at": "2025-08-05T16:50:20.700Z",
    "name": "КУРС \"GAMBLING\"",
    "slug": "kurs-gambling",
    "description": "Курс, направленный на преодоление игровой зависимости. Закрепление устойчивых навыков контроля над игровым влечением, формирование здоровых стратегий управления эмоциями и финансами, интеграция в социальную жизнь без зависимости, профилактика рецидивов",
    "meta_title": null,
    "meta_description": "",
    "is_active": true,
    "is_rehabilitation_program": false,
    "display_order": 13,
    "categories": [
      3
    ]
  }
},
{
  "model": "medical_services.service",
  "pk": 25,
  "fields": {
    "created_at": "2025-08-05T17:33:55.323Z",
    "updated_at": "2025-08-05T17:38:40.288Z",
    "name": "Метод \"12 шагов\"",
    "slug": "metod-12-shagov",
    "description": "Программа, разработанная Анонимными Алкоголиками (АА) в 1939 году, сегодня применяется для лечения разных зависимостей (наркотики, игромания, переедание). \r\nОснована на духовном росте, принятии ответственности и помощи другим.\r\n\r\n12 шагов (расшифровка)\r\n\r\n 1-3 шаги: Принятие и доверие\r\n «Мы признали своё бессилие перед зависимостью, что наша жизнь стала неуправляемой»\r\n Осознание, что самостоятельные попытки бросить проваливаются.\r\n\r\n2 «Пришли к убеждению, что только Сила, более высокая, чем наша, может вернуть нам здравомыслие»\r\n «Высшая Сила» — не обязательно Бог (это может быть группа, природа, вселенная).\r\n\r\n3 «Приняли решение передать нашу волю и жизнь Богу, как мы Его понимали»\r\n Доверие внешней поддержке вместо самоконтроля.\r\n\r\n 4-9 шаги: Работа над ошибками\r\n\r\n4 «Глубоко и бесстрашно оценили себя и свою жизнь»**\r\n Письменный анализ своих слабостей, обид, страхов («Моральная инвентаризация»).\r\n\r\n5 «Признали перед Богом, собой и другим человеком истинную природу наших ошибок»\r\n Исповедь перед спонсором или группой.\r\n\r\n6  «Полностью подготовили себя к тому, чтобы Бог избавил нас от всех наших недостатков»\r\n Готовность меняться.\r\n\r\n7 «Смиренно попросили Его исправить наши изъяны»\r\n Работа над характером (гнев, ложь, эгоизм).\r\n\r\n8 «Составили список всех людей, которым мы причинили зло, и готовы загладить свою вину»\r\nПоиск тех, кого обидели.\r\n\r\n9 «Лично возместили ущерб этим людям, кроме случаев, когда это могло повредить им или кому-то ещё»\r\nИзвинения, возврат долгов, исправление ошибок.\r\n\r\n 10-12 шаги: Поддержание трезвости\r\n\r\n10 «Продолжали самоанализ и, когда ошибались, сразу признавали это»\r\nЕжедневный разбор своих поступков.\r\n\r\n11 «Стремились через молитву и медитацию улучшить наш осознанный контакт с Богом»\r\n Практики для духовного роста.\r\n\r\n12 «Достигнув духовного пробуждения, мы старались донести смысл наших идей до других зависимых и применять эти принципы во всех наших делах»\r\n Помощь новичкам (стать спонсором).",
    "meta_title": null,
    "meta_description": "",
    "is_active": true,
    "is_rehabilitation_program": true,
    "display_order": 0,
    "categories": [
      1,
      2
    ]
  }
},
{
  "model": "medical_services.facilityservice",
  "pk": 1,
  "fields": {
    "created_at": "2025-08-05T12:18:07.683Z",
    "updated_at": "2025-08-05T12:55:44.011Z",
    "content_type": 10,
    "object_id": 1,
    "service": 7,
    "price": null,
    "is_active": true,
    "specialists": [
      1
    ]
  }
},
{
  "model": "medical_services.facilityservice",
  "pk": 2,
  "fields": {
    "created_at": "2025-08-05T12:41:33.763Z",
    "updated_at": "2025-08-05T12:41:33.763Z",
    "content_type": 10,
    "object_id": 1,
    "service": 8,
    "price": null,
    "is_active": true,
    "specialists": []
  }
},
{
  "model": "medical_services.facilityservice",
  "pk": 3,
  "fields": {
    "created_at": "2025-08-05T16:46:06.944Z",
    "updated_at": "2025-08-05T16:46:06.944Z",
    "content_type": 10,
    "object_id": 1,
    "service": 9,
    "price": null,
    "is_active": true,
    "specialists": []
  }
},
{
  "model": "medical_services.facilityservice",
  "pk": 4,
  "fields": {
    "created_at": "2025-08-05T16:51:41.436Z",
    "updated_at": "2025-08-05T16:51:41.436Z",
    "content_type": 10,
    "object_id": 1,
    "service": 10,
    "price": null,
    "is_active": true,
    "specialists": []
  }
},
{
  "model": "medical_services.facilityservice",
  "pk": 5,
  "fields": {
    "created_at": "2025-08-05T16:51:55.814Z",
    "updated_at": "2025-08-05T16:51:55.814Z",
    "content_type": 10,
    "object_id": 1,
    "service": 11,
    "price": null,
    "is_active": true,
    "specialists": []
  }
},
{
  "model": "medical_services.facilityservice",
  "pk": 6,
  "fields": {
    "created_at": "2025-08-05T16:52:09.995Z",
    "updated_at": "2025-08-05T16:52:09.995Z",
    "content_type": 10,
    "object_id": 1,
    "service": 14,
    "price": null,
    "is_active": true,
    "specialists": []
  }
},
{
  "model": "medical_services.facilityservice",
  "pk": 7,
  "fields": {
    "created_at": "2025-08-05T16:52:25.816Z",
    "updated_at": "2025-08-05T16:52:25.816Z",
    "content_type": 10,
    "object_id": 1,
    "service": 12,
    "price": null,
    "is_active": true,
    "specialists": []
  }
},
{
  "model": "medical_services.facilityservice",
  "pk": 8,
  "fields": {
    "created_at": "2025-08-05T16:52:40.200Z",
    "updated_at": "2025-08-05T16:52:40.200Z",
    "content_type": 10,
    "object_id": 1,
    "service": 13,
    "price": null,
    "is_active": true,
    "specialists": []
  }
},
{
  "model": "medical_services.facilityservice",
  "pk": 9,
  "fields": {
    "created_at": "2025-08-05T16:52:57.561Z",
    "updated_at": "2025-08-05T16:52:57.561Z",
    "content_type": 10,
    "object_id": 1,
    "service": 15,
    "price": null,
    "is_active": true,
    "specialists": []
  }
},
{
  "model": "medical_services.facilityservice",
  "pk": 10,
  "fields": {
    "created_at": "2025-08-05T16:53:43.323Z",
    "updated_at": "2025-08-05T16:53:43.323Z",
    "content_type": 10,
    "object_id": 1,
    "service": 3,
    "price": null,
    "is_active": true,
    "specialists": []
  }
},
{
  "model": "medical_services.facilityservice",
  "pk": 11,
  "fields": {
    "created_at": "2025-08-05T16:54:05.358Z",
    "updated_at": "2025-08-05T16:54:05.358Z",
    "content_type": 10,
    "object_id": 1,
    "service": 22,
    "price": null,
    "is_active": true,
    "specialists": []
  }
},
{
  "model": "medical_services.facilityservice",
  "pk": 12,
  "fields": {
    "created_at": "2025-08-05T16:54:20.452Z",
    "updated_at": "2025-08-05T16:54:20.452Z",
    "content_type": 10,
    "object_id": 1,
    "service": 19,
    "price": null,
    "is_active": true,
    "specialists": []
  }
},
{
  "model": "medical_services.facilityservice",
  "pk": 13,
  "fields": {
    "created_at": "2025-08-05T16:54:43.300Z",
    "updated_at": "2025-08-05T16:54:43.300Z",
    "content_type": 10,
    "object_id": 1,
    "service": 23,
    "price": null,
    "is_active": true,
    "specialists": []
  }
},
{
  "model": "medical_services.facilityservice",
  "pk": 14,
  "fields": {
    "created_at": "2025-08-05T16:54:53.932Z",
    "updated_at": "2025-08-05T16:54:53.932Z",
    "content_type": 10,
    "object_id": 1,
    "service": 21,
    "price": null,
    "is_active": true,
    "specialists": []
  }
},
{
  "model": "medical_services.facilityservice",
  "pk": 15,
  "fields": {
    "created_at": "2025-08-05T16:55:07.480Z",
    "updated_at": "2025-08-05T16:55:07.480Z",
    "content_type": 10,
    "object_id": 1,
    "service": 24,
    "price": null,
    "is_active": true,
    "specialists": []
  }
},
{
  "model": "medical_services.facilityservice",
  "pk": 16,
  "fields": {
    "created_at": "2025-08-05T16:55:22.579Z",
    "updated_at": "2025-08-05T16:55:22.579Z",
    "content_type": 10,
    "object_id": 1,
    "service": 20,
    "price": null,
    "is_active": true,
    "specialists": []
  }
},
{
  "model": "medical_services.facilityservice",
  "pk": 17,
  "fields": {
    "created_at": "2025-08-05T17:25:45.682Z",
    "updated_at": "2025-08-05T17:25:45.682Z",
    "content_type": 10,
    "object_id": 2,
    "service": 9,
    "price": null,
    "is_active": true,
    "specialists": []
  }
},
{
  "model": "medical_services.facilityservice",
  "pk": 18,
  "fields": {
    "created_at": "2025-08-05T17:26:07.664Z",
    "updated_at": "2025-08-05T17:26:07.664Z",
    "content_type": 10,
    "object_id": 2,
    "service": 10,
    "price": null,
    "is_active": true,
    "specialists": []
  }
},
{
  "model": "medical_services.facilityservice",
  "pk": 19,
  "fields": {
    "created_at": "2025-08-05T17:26:22.225Z",
    "updated_at": "2025-08-05T17:26:22.226Z",
    "content_type": 10,
    "object_id": 2,
    "service": 11,
    "price": null,
    "is_active": true,
    "specialists": []
  }
},
{
  "model": "medical_services.facilityservice",
  "pk": 20,
  "fields": {
    "created_at": "2025-08-05T17:26:36.592Z",
    "updated_at": "2025-08-05T17:26:36.592Z",
    "content_type": 10,
    "object_id": 2,
    "service": 14,
    "price": null,
    "is_active": true,
    "specialists": []
  }
},
{
  "model": "medical_services.facilityservice",
  "pk": 21,
  "fields": {
    "created_at": "2025-08-05T17:26:53.158Z",
    "updated_at": "2025-08-05T17:26:53.158Z",
    "content_type": 10,
    "object_id": 2,
    "service": 12,
    "price": null,
    "is_active": true,
    "specialists": []
  }
},
{
  "model": "medical_services.facilityservice",
  "pk": 22,
  "fields": {
    "created_at": "2025-08-05T17:27:13.562Z",
    "updated_at": "2025-08-05T17:27:13.562Z",
    "content_type": 10,
    "object_id": 2,
    "service": 13,
    "price": null,
    "is_active": true,
    "specialists": []
  }
},
{
  "model": "medical_services.facilityservice",
  "pk": 23,
  "fields": {
    "created_at": "2025-08-05T17:27:27.111Z",
    "updated_at": "2025-08-05T17:27:27.111Z",
    "content_type": 10,
    "object_id": 2,
    "service": 15,
    "price": null,
    "is_active": true,
    "specialists": []
  }
},
{
  "model": "medical_services.facilityservice",
  "pk": 24,
  "fields": {
    "created_at": "2025-08-05T17:27:44.248Z",
    "updated_at": "2025-08-05T17:27:44.248Z",
    "content_type": 10,
    "object_id": 2,
    "service": 3,
    "price": null,
    "is_active": true,
    "specialists": []
  }
},
{
  "model": "medical_services.facilityservice",
  "pk": 25,
  "fields": {
    "created_at": "2025-08-05T17:34:26.999Z",
    "updated_at": "2025-08-05T17:34:26.999Z",
    "content_type": 10,
    "object_id": 2,
    "service": 25,
    "price": null,
    "is_active": true,
    "specialists": []
  }
},
{
  "model": "medical_services.facilityservice",
  "pk": 26,
  "fields": {
    "created_at": "2025-08-05T17:39:45.546Z",
    "updated_at": "2025-08-05T17:39:45.546Z",
    "content_type": 10,
    "object_id": 2,
    "service": 16,
    "price": null,
    "is_active": true,
    "specialists": []
  }
},
{
  "model": "medical_services.facilityservice",
  "pk": 27,
  "fields": {
    "created_at": "2025-08-05T17:40:04.788Z",
    "updated_at": "2025-08-05T17:40:04.788Z",
    "content_type": 10,
    "object_id": 2,
    "service": 17,
    "price": null,
    "is_active": true,
    "specialists": []
  }
},
{
  "model": "medical_services.facilityservice",
  "pk": 28,
  "fields": {
    "created_at": "2025-08-05T17:40:17.716Z",
    "updated_at": "2025-08-05T17:40:17.716Z",
    "content_type": 10,
    "object_id": 2,
    "service": 18,
    "price": null,
    "is_active": true,
    "specialists": []
  }
},
{
  "model": "admin_logs.adminactionlog",
  "pk": 1,
  "fields": {
    "user": null,
    "action": "create",
    "app_label": "blog",
    "model_name": "tag",
    "object_id": 1,
    "changes": {},
    "access_level": null,
    "ip_address": null,
    "created_at": "2025-08-01T12:41:25.868Z"
  }
},
{
  "model": "admin_logs.adminactionlog",
  "pk": 2,
  "fields": {
    "user": null,
    "action": "create",
    "app_label": "blog",
    "model_name": "tag",
    "object_id": 2,
    "changes": {},
    "access_level": null,
    "ip_address": null,
    "created_at": "2025-08-01T12:41:25.872Z"
  }
},
{
  "model": "admin_logs.adminactionlog",
  "pk": 3,
  "fields": {
    "user": null,
    "action": "create",
    "app_label": "blog",
    "model_name": "tag",
    "object_id": 3,
    "changes": {},
    "access_level": null,
    "ip_address": null,
    "created_at": "2025-08-01T12:41:25.875Z"
  }
},
{
  "model": "admin_logs.adminactionlog",
  "pk": 4,
  "fields": {
    "user": null,
    "action": "create",
    "app_label": "blog",
    "model_name": "tag",
    "object_id": 4,
    "changes": {},
    "access_level": null,
    "ip_address": null,
    "created_at": "2025-08-01T12:41:25.878Z"
  }
},
{
  "model": "admin_logs.adminactionlog",
  "pk": 5,
  "fields": {
    "user": null,
    "action": "create",
    "app_label": "blog",
    "model_name": "tag",
    "object_id": 5,
    "changes": {},
    "access_level": null,
    "ip_address": null,
    "created_at": "2025-08-01T12:41:25.881Z"
  }
},
{
  "model": "admin_logs.adminactionlog",
  "pk": 6,
  "fields": {
    "user": null,
    "action": "create",
    "app_label": "blog",
    "model_name": "tag",
    "object_id": 6,
    "changes": {},
    "access_level": null,
    "ip_address": null,
    "created_at": "2025-08-01T12:41:25.884Z"
  }
},
{
  "model": "admin_logs.adminactionlog",
  "pk": 7,
  "fields": {
    "user": null,
    "action": "create",
    "app_label": "blog",
    "model_name": "tag",
    "object_id": 7,
    "changes": {},
    "access_level": null,
    "ip_address": null,
    "created_at": "2025-08-01T12:41:25.886Z"
  }
},
{
  "model": "admin_logs.adminactionlog",
  "pk": 8,
  "fields": {
    "user": null,
    "action": "create",
    "app_label": "blog",
    "model_name": "tag",
    "object_id": 8,
    "changes": {},
    "access_level": null,
    "ip_address": null,
    "created_at": "2025-08-01T12:41:25.889Z"
  }
},
{
  "model": "admin_logs.adminactionlog",
  "pk": 9,
  "fields": {
    "user": null,
    "action": "create",
    "app_label": "blog",
    "model_name": "tag",
    "object_id": 9,
    "changes": {},
    "access_level": null,
    "ip_address": null,
    "created_at": "2025-08-01T12:41:25.892Z"
  }
},
{
  "model": "admin_logs.adminactionlog",
  "pk": 10,
  "fields": {
    "user": null,
    "action": "create",
    "app_label": "facilities",
    "model_name": "organizationtype",
    "object_id": 1,
    "changes": {},
    "access_level": null,
    "ip_address": null,
    "created_at": "2025-08-01T12:42:51.737Z"
  }
},
{
  "model": "admin_logs.adminactionlog",
  "pk": 11,
  "fields": {
    "user": null,
    "action": "create",
    "app_label": "facilities",
    "model_name": "organizationtype",
    "object_id": 2,
    "changes": {},
    "access_level": null,
    "ip_address": null,
    "created_at": "2025-08-01T12:42:51.738Z"
  }
},
{
  "model": "admin_logs.adminactionlog",
  "pk": 12,
  "fields": {
    "user": null,
    "action": "create",
    "app_label": "facilities",
    "model_name": "organizationtype",
    "object_id": 3,
    "changes": {},
    "access_level": null,
    "ip_address": null,
    "created_at": "2025-08-01T12:42:51.739Z"
  }
},
{
  "model": "admin_logs.adminactionlog",
  "pk": 13,
  "fields": {
    "user": null,
    "action": "create",
    "app_label": "staff",
    "model_name": "specialization",
    "object_id": 1,
    "changes": {},
    "access_level": null,
    "ip_address": null,
    "created_at": "2025-08-01T12:42:51.745Z"
  }
},
{
  "model": "admin_logs.adminactionlog",
  "pk": 14,
  "fields": {
    "user": null,
    "action": "create",
    "app_label": "staff",
    "model_name": "specialization",
    "object_id": 2,
    "changes": {},
    "access_level": null,
    "ip_address": null,
    "created_at": "2025-08-01T12:42:51.746Z"
  }
},
{
  "model": "admin_logs.adminactionlog",
  "pk": 15,
  "fields": {
    "user": null,
    "action": "create",
    "app_label": "staff",
    "model_name": "specialization",
    "object_id": 3,
    "changes": {},
    "access_level": null,
    "ip_address": null,
    "created_at": "2025-08-01T12:42:51.746Z"
  }
},
{
  "model": "admin_logs.adminactionlog",
  "pk": 16,
  "fields": {
    "user": null,
    "action": "create",
    "app_label": "staff",
    "model_name": "specialization",
    "object_id": 4,
    "changes": {},
    "access_level": null,
    "ip_address": null,
    "created_at": "2025-08-01T12:42:51.747Z"
  }
},
{
  "model": "admin_logs.adminactionlog",
  "pk": 17,
  "fields": {
    "user": null,
    "action": "create",
    "app_label": "staff",
    "model_name": "specialization",
    "object_id": 5,
    "changes": {},
    "access_level": null,
    "ip_address": null,
    "created_at": "2025-08-01T12:42:51.747Z"
  }
},
{
  "model": "admin_logs.adminactionlog",
  "pk": 18,
  "fields": {
    "user": null,
    "action": "create",
    "app_label": "staff",
    "model_name": "specialization",
    "object_id": 6,
    "changes": {},
    "access_level": null,
    "ip_address": null,
    "created_at": "2025-08-01T12:42:51.748Z"
  }
},
{
  "model": "admin_logs.adminactionlog",
  "pk": 19,
  "fields": {
    "user": null,
    "action": "create",
    "app_label": "staff",
    "model_name": "specialization",
    "object_id": 7,
    "changes": {},
    "access_level": null,
    "ip_address": null,
    "created_at": "2025-08-01T12:42:51.749Z"
  }
},
{
  "model": "admin_logs.adminactionlog",
  "pk": 20,
  "fields": {
    "user": null,
    "action": "create",
    "app_label": "staff",
    "model_name": "specialization",
    "object_id": 8,
    "changes": {},
    "access_level": null,
    "ip_address": null,
    "created_at": "2025-08-01T12:42:51.749Z"
  }
},
{
  "model": "admin_logs.adminactionlog",
  "pk": 21,
  "fields": {
    "user": null,
    "action": "create",
    "app_label": "staff",
    "model_name": "specialization",
    "object_id": 9,
    "changes": {},
    "access_level": null,
    "ip_address": null,
    "created_at": "2025-08-01T12:42:51.750Z"
  }
},
{
  "model": "admin_logs.adminactionlog",
  "pk": 22,
  "fields": {
    "user": null,
    "action": "create",
    "app_label": "staff",
    "model_name": "specialization",
    "object_id": 10,
    "changes": {},
    "access_level": null,
    "ip_address": null,
    "created_at": "2025-08-01T12:42:51.750Z"
  }
},
{
  "model": "admin_logs.adminactionlog",
  "pk": 23,
  "fields": {
    "user": null,
    "action": "create",
    "app_label": "facilities",
    "model_name": "clinic",
    "object_id": 1,
    "changes": {},
    "access_level": null,
    "ip_address": null,
    "created_at": "2025-08-01T12:42:51.758Z"
  }
},
{
  "model": "admin_logs.adminactionlog",
  "pk": 24,
  "fields": {
    "user": null,
    "action": "create",
    "app_label": "facilities",
    "model_name": "clinic",
    "object_id": 2,
    "changes": {},
    "access_level": null,
    "ip_address": null,
    "created_at": "2025-08-01T12:42:51.759Z"
  }
},
{
  "model": "admin_logs.adminactionlog",
  "pk": 25,
  "fields": {
    "user": null,
    "action": "create",
    "app_label": "facilities",
    "model_name": "clinic",
    "object_id": 3,
    "changes": {},
    "access_level": null,
    "ip_address": null,
    "created_at": "2025-08-01T12:42:51.761Z"
  }
},
{
  "model": "admin_logs.adminactionlog",
  "pk": 26,
  "fields": {
    "user": null,
    "action": "create",
    "app_label": "facilities",
    "model_name": "clinic",
    "object_id": 4,
    "changes": {},
    "access_level": null,
    "ip_address": null,
    "created_at": "2025-08-01T12:42:51.762Z"
  }
},
{
  "model": "admin_logs.adminactionlog",
  "pk": 27,
  "fields": {
    "user": null,
    "action": "create",
    "app_label": "facilities",
    "model_name": "clinic",
    "object_id": 5,
    "changes": {},
    "access_level": null,
    "ip_address": null,
    "created_at": "2025-08-01T12:42:51.763Z"
  }
},
{
  "model": "admin_logs.adminactionlog",
  "pk": 28,
  "fields": {
    "user": null,
    "action": "create",
    "app_label": "facilities",
    "model_name": "clinic",
    "object_id": 6,
    "changes": {},
    "access_level": null,
    "ip_address": null,
    "created_at": "2025-08-01T12:42:51.765Z"
  }
},
{
  "model": "admin_logs.adminactionlog",
  "pk": 29,
  "fields": {
    "user": null,
    "action": "create",
    "app_label": "facilities",
    "model_name": "clinic",
    "object_id": 7,
    "changes": {},
    "access_level": null,
    "ip_address": null,
    "created_at": "2025-08-01T12:42:51.766Z"
  }
},
{
  "model": "admin_logs.adminactionlog",
  "pk": 30,
  "fields": {
    "user": null,
    "action": "create",
    "app_label": "facilities",
    "model_name": "clinic",
    "object_id": 8,
    "changes": {},
    "access_level": null,
    "ip_address": null,
    "created_at": "2025-08-01T12:42:51.767Z"
  }
},
{
  "model": "admin_logs.adminactionlog",
  "pk": 31,
  "fields": {
    "user": null,
    "action": "create",
    "app_label": "facilities",
    "model_name": "clinic",
    "object_id": 9,
    "changes": {},
    "access_level": null,
    "ip_address": null,
    "created_at": "2025-08-01T12:42:51.768Z"
  }
},
{
  "model": "admin_logs.adminactionlog",
  "pk": 32,
  "fields": {
    "user": null,
    "action": "create",
    "app_label": "facilities",
    "model_name": "clinic",
    "object_id": 10,
    "changes": {},
    "access_level": null,
    "ip_address": null,
    "created_at": "2025-08-01T12:42:51.769Z"
  }
},
{
  "model": "admin_logs.adminactionlog",
  "pk": 33,
  "fields": {
    "user": null,
    "action": "create",
    "app_label": "facilities",
    "model_name": "clinic",
    "object_id": 11,
    "changes": {},
    "access_level": null,
    "ip_address": null,
    "created_at": "2025-08-01T12:42:51.769Z"
  }
},
{
  "model": "admin_logs.adminactionlog",
  "pk": 34,
  "fields": {
    "user": null,
    "action": "create",
    "app_label": "facilities",
    "model_name": "clinic",
    "object_id": 12,
    "changes": {},
    "access_level": null,
    "ip_address": null,
    "created_at": "2025-08-01T12:42:51.770Z"
  }
},
{
  "model": "admin_logs.adminactionlog",
  "pk": 35,
  "fields": {
    "user": null,
    "action": "create",
    "app_label": "facilities",
    "model_name": "clinic",
    "object_id": 13,
    "changes": {},
    "access_level": null,
    "ip_address": null,
    "created_at": "2025-08-01T12:42:51.771Z"
  }
},
{
  "model": "admin_logs.adminactionlog",
  "pk": 36,
  "fields": {
    "user": null,
    "action": "create",
    "app_label": "facilities",
    "model_name": "clinic",
    "object_id": 14,
    "changes": {},
    "access_level": null,
    "ip_address": null,
    "created_at": "2025-08-01T12:42:51.772Z"
  }
},
{
  "model": "admin_logs.adminactionlog",
  "pk": 37,
  "fields": {
    "user": null,
    "action": "create",
    "app_label": "facilities",
    "model_name": "clinic",
    "object_id": 15,
    "changes": {},
    "access_level": null,
    "ip_address": null,
    "created_at": "2025-08-01T12:42:51.774Z"
  }
},
{
  "model": "admin_logs.adminactionlog",
  "pk": 38,
  "fields": {
    "user": null,
    "action": "create",
    "app_label": "facilities",
    "model_name": "review",
    "object_id": 1,
    "changes": {},
    "access_level": null,
    "ip_address": null,
    "created_at": "2025-08-01T12:42:51.816Z"
  }
},
{
  "model": "admin_logs.adminactionlog",
  "pk": 39,
  "fields": {
    "user": null,
    "action": "create",
    "app_label": "facilities",
    "model_name": "review",
    "object_id": 2,
    "changes": {},
    "access_level": null,
    "ip_address": null,
    "created_at": "2025-08-01T12:42:51.817Z"
  }
},
{
  "model": "admin_logs.adminactionlog",
  "pk": 40,
  "fields": {
    "user": null,
    "action": "create",
    "app_label": "facilities",
    "model_name": "review",
    "object_id": 3,
    "changes": {},
    "access_level": null,
    "ip_address": null,
    "created_at": "2025-08-01T12:42:51.818Z"
  }
},
{
  "model": "admin_logs.adminactionlog",
  "pk": 41,
  "fields": {
    "user": null,
    "action": "create",
    "app_label": "facilities",
    "model_name": "review",
    "object_id": 4,
    "changes": {},
    "access_level": null,
    "ip_address": null,
    "created_at": "2025-08-01T12:42:51.819Z"
  }
},
{
  "model": "admin_logs.adminactionlog",
  "pk": 42,
  "fields": {
    "user": null,
    "action": "create",
    "app_label": "facilities",
    "model_name": "review",
    "object_id": 5,
    "changes": {},
    "access_level": null,
    "ip_address": null,
    "created_at": "2025-08-01T12:42:51.819Z"
  }
},
{
  "model": "admin_logs.adminactionlog",
  "pk": 43,
  "fields": {
    "user": null,
    "action": "create",
    "app_label": "facilities",
    "model_name": "review",
    "object_id": 6,
    "changes": {},
    "access_level": null,
    "ip_address": null,
    "created_at": "2025-08-01T12:42:51.821Z"
  }
},
{
  "model": "admin_logs.adminactionlog",
  "pk": 44,
  "fields": {
    "user": null,
    "action": "create",
    "app_label": "facilities",
    "model_name": "review",
    "object_id": 7,
    "changes": {},
    "access_level": null,
    "ip_address": null,
    "created_at": "2025-08-01T12:42:51.822Z"
  }
},
{
  "model": "admin_logs.adminactionlog",
  "pk": 45,
  "fields": {
    "user": null,
    "action": "create",
    "app_label": "facilities",
    "model_name": "review",
    "object_id": 8,
    "changes": {},
    "access_level": null,
    "ip_address": null,
    "created_at": "2025-08-01T12:42:51.823Z"
  }
},
{
  "model": "admin_logs.adminactionlog",
  "pk": 46,
  "fields": {
    "user": null,
    "action": "create",
    "app_label": "facilities",
    "model_name": "review",
    "object_id": 9,
    "changes": {},
    "access_level": null,
    "ip_address": null,
    "created_at": "2025-08-01T12:42:51.824Z"
  }
},
{
  "model": "admin_logs.adminactionlog",
  "pk": 47,
  "fields": {
    "user": null,
    "action": "create",
    "app_label": "facilities",
    "model_name": "review",
    "object_id": 10,
    "changes": {},
    "access_level": null,
    "ip_address": null,
    "created_at": "2025-08-01T12:42:51.825Z"
  }
},
{
  "model": "admin_logs.adminactionlog",
  "pk": 48,
  "fields": {
    "user": null,
    "action": "create",
    "app_label": "facilities",
    "model_name": "review",
    "object_id": 11,
    "changes": {},
    "access_level": null,
    "ip_address": null,
    "created_at": "2025-08-01T12:42:51.826Z"
  }
},
{
  "model": "admin_logs.adminactionlog",
  "pk": 49,
  "fields": {
    "user": null,
    "action": "create",
    "app_label": "facilities",
    "model_name": "review",
    "object_id": 12,
    "changes": {},
    "access_level": null,
    "ip_address": null,
    "created_at": "2025-08-01T12:42:51.827Z"
  }
},
{
  "model": "admin_logs.adminactionlog",
  "pk": 50,
  "fields": {
    "user": null,
    "action": "create",
    "app_label": "facilities",
    "model_name": "review",
    "object_id": 13,
    "changes": {},
    "access_level": null,
    "ip_address": null,
    "created_at": "2025-08-01T12:42:51.828Z"
  }
},
{
  "model": "admin_logs.adminactionlog",
  "pk": 51,
  "fields": {
    "user": null,
    "action": "create",
    "app_label": "facilities",
    "model_name": "review",
    "object_id": 14,
    "changes": {},
    "access_level": null,
    "ip_address": null,
    "created_at": "2025-08-01T12:42:51.830Z"
  }
},
{
  "model": "admin_logs.adminactionlog",
  "pk": 52,
  "fields": {
    "user": null,
    "action": "create",
    "app_label": "facilities",
    "model_name": "rehabcenter",
    "object_id": 1,
    "changes": {},
    "access_level": null,
    "ip_address": null,
    "created_at": "2025-08-01T12:43:30.911Z"
  }
},
{
  "model": "admin_logs.adminactionlog",
  "pk": 53,
  "fields": {
    "user": null,
    "action": "update",
    "app_label": "facilities",
    "model_name": "organizationtype",
    "object_id": 1,
    "changes": {},
    "access_level": null,
    "ip_address": null,
    "created_at": "2025-08-01T12:43:47.848Z"
  }
},
{
  "model": "admin_logs.adminactionlog",
  "pk": 54,
  "fields": {
    "user": null,
    "action": "update",
    "app_label": "facilities",
    "model_name": "organizationtype",
    "object_id": 2,
    "changes": {},
    "access_level": null,
    "ip_address": null,
    "created_at": "2025-08-01T12:43:47.849Z"
  }
},
{
  "model": "admin_logs.adminactionlog",
  "pk": 55,
  "fields": {
    "user": null,
    "action": "update",
    "app_label": "facilities",
    "model_name": "organizationtype",
    "object_id": 3,
    "changes": {},
    "access_level": null,
    "ip_address": null,
    "created_at": "2025-08-01T12:43:47.850Z"
  }
},
{
  "model": "admin_logs.adminactionlog",
  "pk": 56,
  "fields": {
    "user": null,
    "action": "update",
    "app_label": "facilities",
    "model_name": "clinic",
    "object_id": 1,
    "changes": {},
    "access_level": null,
    "ip_address": null,
    "created_at": "2025-08-01T12:43:47.862Z"
  }
},
{
  "model": "admin_logs.adminactionlog",
  "pk": 57,
  "fields": {
    "user": null,
    "action": "update",
    "app_label": "facilities",
    "model_name": "clinic",
    "object_id": 2,
    "changes": {},
    "access_level": null,
    "ip_address": null,
    "created_at": "2025-08-01T12:43:47.865Z"
  }
},
{
  "model": "admin_logs.adminactionlog",
  "pk": 58,
  "fields": {
    "user": null,
    "action": "update",
    "app_label": "facilities",
    "model_name": "clinic",
    "object_id": 3,
    "changes": {},
    "access_level": null,
    "ip_address": null,
    "created_at": "2025-08-01T12:43:47.868Z"
  }
},
{
  "model": "admin_logs.adminactionlog",
  "pk": 59,
  "fields": {
    "user": null,
    "action": "update",
    "app_label": "facilities",
    "model_name": "clinic",
    "object_id": 4,
    "changes": {},
    "access_level": null,
    "ip_address": null,
    "created_at": "2025-08-01T12:43:47.870Z"
  }
},
{
  "model": "admin_logs.adminactionlog",
  "pk": 60,
  "fields": {
    "user": null,
    "action": "update",
    "app_label": "facilities",
    "model_name": "clinic",
    "object_id": 5,
    "changes": {},
    "access_level": null,
    "ip_address": null,
    "created_at": "2025-08-01T12:43:47.873Z"
  }
},
{
  "model": "admin_logs.adminactionlog",
  "pk": 61,
  "fields": {
    "user": null,
    "action": "update",
    "app_label": "facilities",
    "model_name": "clinic",
    "object_id": 6,
    "changes": {},
    "access_level": null,
    "ip_address": null,
    "created_at": "2025-08-01T12:43:47.876Z"
  }
},
{
  "model": "admin_logs.adminactionlog",
  "pk": 62,
  "fields": {
    "user": null,
    "action": "update",
    "app_label": "facilities",
    "model_name": "clinic",
    "object_id": 7,
    "changes": {},
    "access_level": null,
    "ip_address": null,
    "created_at": "2025-08-01T12:43:47.879Z"
  }
},
{
  "model": "admin_logs.adminactionlog",
  "pk": 63,
  "fields": {
    "user": null,
    "action": "update",
    "app_label": "facilities",
    "model_name": "clinic",
    "object_id": 8,
    "changes": {},
    "access_level": null,
    "ip_address": null,
    "created_at": "2025-08-01T12:43:47.881Z"
  }
},
{
  "model": "admin_logs.adminactionlog",
  "pk": 64,
  "fields": {
    "user": null,
    "action": "update",
    "app_label": "facilities",
    "model_name": "clinic",
    "object_id": 9,
    "changes": {},
    "access_level": null,
    "ip_address": null,
    "created_at": "2025-08-01T12:43:47.884Z"
  }
},
{
  "model": "admin_logs.adminactionlog",
  "pk": 65,
  "fields": {
    "user": null,
    "action": "update",
    "app_label": "facilities",
    "model_name": "clinic",
    "object_id": 10,
    "changes": {},
    "access_level": null,
    "ip_address": null,
    "created_at": "2025-08-01T12:43:47.887Z"
  }
},
{
  "model": "admin_logs.adminactionlog",
  "pk": 66,
  "fields": {
    "user": null,
    "action": "update",
    "app_label": "facilities",
    "model_name": "clinic",
    "object_id": 11,
    "changes": {},
    "access_level": null,
    "ip_address": null,
    "created_at": "2025-08-01T12:43:47.890Z"
  }
},
{
  "model": "admin_logs.adminactionlog",
  "pk": 67,
  "fields": {
    "user": null,
    "action": "update",
    "app_label": "facilities",
    "model_name": "clinic",
    "object_id": 12,
    "changes": {},
    "access_level": null,
    "ip_address": null,
    "created_at": "2025-08-01T12:43:47.893Z"
  }
},
{
  "model": "admin_logs.adminactionlog",
  "pk": 68,
  "fields": {
    "user": null,
    "action": "update",
    "app_label": "facilities",
    "model_name": "clinic",
    "object_id": 13,
    "changes": {},
    "access_level": null,
    "ip_address": null,
    "created_at": "2025-08-01T12:43:47.896Z"
  }
},
{
  "model": "admin_logs.adminactionlog",
  "pk": 69,
  "fields": {
    "user": null,
    "action": "update",
    "app_label": "facilities",
    "model_name": "clinic",
    "object_id": 14,
    "changes": {},
    "access_level": null,
    "ip_address": null,
    "created_at": "2025-08-01T12:43:47.899Z"
  }
},
{
  "model": "admin_logs.adminactionlog",
  "pk": 70,
  "fields": {
    "user": null,
    "action": "update",
    "app_label": "facilities",
    "model_name": "clinic",
    "object_id": 15,
    "changes": {},
    "access_level": null,
    "ip_address": null,
    "created_at": "2025-08-01T12:43:47.902Z"
  }
},
{
  "model": "admin_logs.adminactionlog",
  "pk": 71,
  "fields": {
    "user": null,
    "action": "update",
    "app_label": "facilities",
    "model_name": "review",
    "object_id": 1,
    "changes": {},
    "access_level": null,
    "ip_address": null,
    "created_at": "2025-08-01T12:43:47.948Z"
  }
},
{
  "model": "admin_logs.adminactionlog",
  "pk": 72,
  "fields": {
    "user": null,
    "action": "update",
    "app_label": "facilities",
    "model_name": "review",
    "object_id": 2,
    "changes": {},
    "access_level": null,
    "ip_address": null,
    "created_at": "2025-08-01T12:43:47.949Z"
  }
},
{
  "model": "admin_logs.adminactionlog",
  "pk": 73,
  "fields": {
    "user": null,
    "action": "update",
    "app_label": "facilities",
    "model_name": "review",
    "object_id": 3,
    "changes": {},
    "access_level": null,
    "ip_address": null,
    "created_at": "2025-08-01T12:43:47.950Z"
  }
},
{
  "model": "admin_logs.adminactionlog",
  "pk": 74,
  "fields": {
    "user": null,
    "action": "update",
    "app_label": "facilities",
    "model_name": "review",
    "object_id": 4,
    "changes": {},
    "access_level": null,
    "ip_address": null,
    "created_at": "2025-08-01T12:43:47.952Z"
  }
},
{
  "model": "admin_logs.adminactionlog",
  "pk": 75,
  "fields": {
    "user": null,
    "action": "update",
    "app_label": "facilities",
    "model_name": "review",
    "object_id": 5,
    "changes": {},
    "access_level": null,
    "ip_address": null,
    "created_at": "2025-08-01T12:43:47.953Z"
  }
},
{
  "model": "admin_logs.adminactionlog",
  "pk": 76,
  "fields": {
    "user": null,
    "action": "update",
    "app_label": "facilities",
    "model_name": "review",
    "object_id": 6,
    "changes": {},
    "access_level": null,
    "ip_address": null,
    "created_at": "2025-08-01T12:43:47.954Z"
  }
},
{
  "model": "admin_logs.adminactionlog",
  "pk": 77,
  "fields": {
    "user": null,
    "action": "update",
    "app_label": "facilities",
    "model_name": "review",
    "object_id": 7,
    "changes": {},
    "access_level": null,
    "ip_address": null,
    "created_at": "2025-08-01T12:43:47.955Z"
  }
},
{
  "model": "admin_logs.adminactionlog",
  "pk": 78,
  "fields": {
    "user": null,
    "action": "update",
    "app_label": "facilities",
    "model_name": "review",
    "object_id": 8,
    "changes": {},
    "access_level": null,
    "ip_address": null,
    "created_at": "2025-08-01T12:43:47.957Z"
  }
},
{
  "model": "admin_logs.adminactionlog",
  "pk": 79,
  "fields": {
    "user": null,
    "action": "update",
    "app_label": "facilities",
    "model_name": "review",
    "object_id": 9,
    "changes": {},
    "access_level": null,
    "ip_address": null,
    "created_at": "2025-08-01T12:43:47.958Z"
  }
},
{
  "model": "admin_logs.adminactionlog",
  "pk": 80,
  "fields": {
    "user": null,
    "action": "update",
    "app_label": "facilities",
    "model_name": "review",
    "object_id": 10,
    "changes": {},
    "access_level": null,
    "ip_address": null,
    "created_at": "2025-08-01T12:43:47.959Z"
  }
},
{
  "model": "admin_logs.adminactionlog",
  "pk": 81,
  "fields": {
    "user": null,
    "action": "update",
    "app_label": "facilities",
    "model_name": "review",
    "object_id": 11,
    "changes": {},
    "access_level": null,
    "ip_address": null,
    "created_at": "2025-08-01T12:43:47.960Z"
  }
},
{
  "model": "admin_logs.adminactionlog",
  "pk": 82,
  "fields": {
    "user": null,
    "action": "update",
    "app_label": "facilities",
    "model_name": "review",
    "object_id": 12,
    "changes": {},
    "access_level": null,
    "ip_address": null,
    "created_at": "2025-08-01T12:43:47.961Z"
  }
},
{
  "model": "admin_logs.adminactionlog",
  "pk": 83,
  "fields": {
    "user": null,
    "action": "update",
    "app_label": "facilities",
    "model_name": "review",
    "object_id": 13,
    "changes": {},
    "access_level": null,
    "ip_address": null,
    "created_at": "2025-08-01T12:43:47.962Z"
  }
},
{
  "model": "admin_logs.adminactionlog",
  "pk": 84,
  "fields": {
    "user": null,
    "action": "update",
    "app_label": "facilities",
    "model_name": "review",
    "object_id": 14,
    "changes": {},
    "access_level": null,
    "ip_address": null,
    "created_at": "2025-08-01T12:43:47.964Z"
  }
},
{
  "model": "admin_logs.adminactionlog",
  "pk": 85,
  "fields": {
    "user": null,
    "action": "update",
    "app_label": "facilities",
    "model_name": "rehabcenter",
    "object_id": 1,
    "changes": {
      "updated_at": {
        "old": "2025-08-01T12:43:30.908001+00:00",
        "new": "2025-08-01T12:44:46.080577+00:00"
      },
      "organization_type": {
        "old": "Клиника",
        "new": "Реабилитационный центр"
      },
      "meta_description": {
        "old": null,
        "new": ""
      }
    },
    "access_level": null,
    "ip_address": null,
    "created_at": "2025-08-01T12:44:46.082Z"
  }
},
{
  "model": "admin_logs.adminactionlog",
  "pk": 86,
  "fields": {
    "user": null,
    "action": "update",
    "app_label": "facilities",
    "model_name": "rehabcenter",
    "object_id": 1,
    "changes": {
      "updated_at": {
        "old": "2025-08-01T12:44:46.080577+00:00",
        "new": "2025-08-01T12:45:04.441737+00:00"
      },
      "is_featured": {
        "old": false,
        "new": true
      }
    },
    "access_level": null,
    "ip_address": null,
    "created_at": "2025-08-01T12:45:04.443Z"
  }
},
{
  "model": "admin_logs.adminactionlog",
  "pk": 87,
  "fields": {
    "user": null,
    "action": "update",
    "app_label": "blog",
    "model_name": "tag",
    "object_id": 1,
    "changes": {
      "created_at": {
        "old": "2025-08-01T12:41:25.868162+00:00",
        "new": "2025-08-01T12:41:25.868000+00:00"
      },
      "updated_at": {
        "old": "2025-08-01T12:41:25.868192+00:00",
        "new": "2025-08-01T12:41:25.868000+00:00"
      }
    },
    "access_level": null,
    "ip_address": null,
    "created_at": "2025-08-01T15:04:32.358Z"
  }
},
{
  "model": "admin_logs.adminactionlog",
  "pk": 88,
  "fields": {
    "user": null,
    "action": "update",
    "app_label": "blog",
    "model_name": "tag",
    "object_id": 2,
    "changes": {
      "created_at": {
        "old": "2025-08-01T12:41:25.872183+00:00",
        "new": "2025-08-01T12:41:25.872000+00:00"
      },
      "updated_at": {
        "old": "2025-08-01T12:41:25.872198+00:00",
        "new": "2025-08-01T12:41:25.872000+00:00"
      }
    },
    "access_level": null,
    "ip_address": null,
    "created_at": "2025-08-01T15:04:32.359Z"
  }
},
{
  "model": "admin_logs.adminactionlog",
  "pk": 89,
  "fields": {
    "user": null,
    "action": "update",
    "app_label": "blog",
    "model_name": "tag",
    "object_id": 3,
    "changes": {
      "created_at": {
        "old": "2025-08-01T12:41:25.875337+00:00",
        "new": "2025-08-01T12:41:25.875000+00:00"
      },
      "updated_at": {
        "old": "2025-08-01T12:41:25.875352+00:00",
        "new": "2025-08-01T12:41:25.875000+00:00"
      }
    },
    "access_level": null,
    "ip_address": null,
    "created_at": "2025-08-01T15:04:32.360Z"
  }
},
{
  "model": "admin_logs.adminactionlog",
  "pk": 90,
  "fields": {
    "user": null,
    "action": "update",
    "app_label": "blog",
    "model_name": "tag",
    "object_id": 4,
    "changes": {
      "created_at": {
        "old": "2025-08-01T12:41:25.878374+00:00",
        "new": "2025-08-01T12:41:25.878000+00:00"
      },
      "updated_at": {
        "old": "2025-08-01T12:41:25.878387+00:00",
        "new": "2025-08-01T12:41:25.878000+00:00"
      }
    },
    "access_level": null,
    "ip_address": null,
    "created_at": "2025-08-01T15:04:32.361Z"
  }
},
{
  "model": "admin_logs.adminactionlog",
  "pk": 91,
  "fields": {
    "user": null,
    "action": "update",
    "app_label": "blog",
    "model_name": "tag",
    "object_id": 5,
    "changes": {
      "created_at": {
        "old": "2025-08-01T12:41:25.881191+00:00",
        "new": "2025-08-01T12:41:25.881000+00:00"
      },
      "updated_at": {
        "old": "2025-08-01T12:41:25.881203+00:00",
        "new": "2025-08-01T12:41:25.881000+00:00"
      }
    },
    "access_level": null,
    "ip_address": null,
    "created_at": "2025-08-01T15:04:32.362Z"
  }
},
{
  "model": "admin_logs.adminactionlog",
  "pk": 92,
  "fields": {
    "user": null,
    "action": "update",
    "app_label": "blog",
    "model_name": "tag",
    "object_id": 6,
    "changes": {
      "created_at": {
        "old": "2025-08-01T12:41:25.883731+00:00",
        "new": "2025-08-01T12:41:25.883000+00:00"
      },
      "updated_at": {
        "old": "2025-08-01T12:41:25.883740+00:00",
        "new": "2025-08-01T12:41:25.883000+00:00"
      }
    },
    "access_level": null,
    "ip_address": null,
    "created_at": "2025-08-01T15:04:32.362Z"
  }
},
{
  "model": "admin_logs.adminactionlog",
  "pk": 93,
  "fields": {
    "user": null,
    "action": "update",
    "app_label": "blog",
    "model_name": "tag",
    "object_id": 7,
    "changes": {
      "created_at": {
        "old": "2025-08-01T12:41:25.886372+00:00",
        "new": "2025-08-01T12:41:25.886000+00:00"
      },
      "updated_at": {
        "old": "2025-08-01T12:41:25.886382+00:00",
        "new": "2025-08-01T12:41:25.886000+00:00"
      }
    },
    "access_level": null,
    "ip_address": null,
    "created_at": "2025-08-01T15:04:32.363Z"
  }
},
{
  "model": "admin_logs.adminactionlog",
  "pk": 94,
  "fields": {
    "user": null,
    "action": "update",
    "app_label": "blog",
    "model_name": "tag",
    "object_id": 8,
    "changes": {
      "created_at": {
        "old": "2025-08-01T12:41:25.889160+00:00",
        "new": "2025-08-01T12:41:25.889000+00:00"
      },
      "updated_at": {
        "old": "2025-08-01T12:41:25.889170+00:00",
        "new": "2025-08-01T12:41:25.889000+00:00"
      }
    },
    "access_level": null,
    "ip_address": null,
    "created_at": "2025-08-01T15:04:32.364Z"
  }
},
{
  "model": "admin_logs.adminactionlog",
  "pk": 95,
  "fields": {
    "user": null,
    "action": "update",
    "app_label": "blog",
    "model_name": "tag",
    "object_id": 9,
    "changes": {
      "created_at": {
        "old": "2025-08-01T12:41:25.892033+00:00",
        "new": "2025-08-01T12:41:25.892000+00:00"
      },
      "updated_at": {
        "old": "2025-08-01T12:41:25.892049+00:00",
        "new": "2025-08-01T12:41:25.892000+00:00"
      }
    },
    "access_level": null,
    "ip_address": null,
    "created_at": "2025-08-01T15:04:32.365Z"
  }
},
{
  "model": "admin_logs.adminactionlog",
  "pk": 96,
  "fields": {
    "user": null,
    "action": "update",
    "app_label": "blog",
    "model_name": "tag",
    "object_id": 1,
    "changes": {},
    "access_level": null,
    "ip_address": null,
    "created_at": "2025-08-01T15:05:10.482Z"
  }
},
{
  "model": "admin_logs.adminactionlog",
  "pk": 97,
  "fields": {
    "user": null,
    "action": "update",
    "app_label": "blog",
    "model_name": "tag",
    "object_id": 2,
    "changes": {},
    "access_level": null,
    "ip_address": null,
    "created_at": "2025-08-01T15:05:10.483Z"
  }
},
{
  "model": "admin_logs.adminactionlog",
  "pk": 98,
  "fields": {
    "user": null,
    "action": "update",
    "app_label": "blog",
    "model_name": "tag",
    "object_id": 3,
    "changes": {},
    "access_level": null,
    "ip_address": null,
    "created_at": "2025-08-01T15:05:10.484Z"
  }
},
{
  "model": "admin_logs.adminactionlog",
  "pk": 99,
  "fields": {
    "user": null,
    "action": "update",
    "app_label": "blog",
    "model_name": "tag",
    "object_id": 4,
    "changes": {},
    "access_level": null,
    "ip_address": null,
    "created_at": "2025-08-01T15:05:10.484Z"
  }
},
{
  "model": "admin_logs.adminactionlog",
  "pk": 100,
  "fields": {
    "user": null,
    "action": "update",
    "app_label": "blog",
    "model_name": "tag",
    "object_id": 5,
    "changes": {},
    "access_level": null,
    "ip_address": null,
    "created_at": "2025-08-01T15:05:10.485Z"
  }
},
{
  "model": "admin_logs.adminactionlog",
  "pk": 101,
  "fields": {
    "user": null,
    "action": "update",
    "app_label": "blog",
    "model_name": "tag",
    "object_id": 6,
    "changes": {},
    "access_level": null,
    "ip_address": null,
    "created_at": "2025-08-01T15:05:10.486Z"
  }
},
{
  "model": "admin_logs.adminactionlog",
  "pk": 102,
  "fields": {
    "user": null,
    "action": "update",
    "app_label": "blog",
    "model_name": "tag",
    "object_id": 7,
    "changes": {},
    "access_level": null,
    "ip_address": null,
    "created_at": "2025-08-01T15:05:10.486Z"
  }
},
{
  "model": "admin_logs.adminactionlog",
  "pk": 103,
  "fields": {
    "user": null,
    "action": "update",
    "app_label": "blog",
    "model_name": "tag",
    "object_id": 8,
    "changes": {},
    "access_level": null,
    "ip_address": null,
    "created_at": "2025-08-01T15:05:10.487Z"
  }
},
{
  "model": "admin_logs.adminactionlog",
  "pk": 104,
  "fields": {
    "user": null,
    "action": "update",
    "app_label": "blog",
    "model_name": "tag",
    "object_id": 9,
    "changes": {},
    "access_level": null,
    "ip_address": null,
    "created_at": "2025-08-01T15:05:10.488Z"
  }
},
{
  "model": "admin_logs.adminactionlog",
  "pk": 105,
  "fields": {
    "user": null,
    "action": "create",
    "app_label": "blog",
    "model_name": "blogcategory",
    "object_id": 1,
    "changes": {},
    "access_level": null,
    "ip_address": null,
    "created_at": "2025-08-01T15:14:46.789Z"
  }
},
{
  "model": "admin_logs.adminactionlog",
  "pk": 106,
  "fields": {
    "user": null,
    "action": "create",
    "app_label": "blog",
    "model_name": "blogcategory",
    "object_id": 2,
    "changes": {},
    "access_level": null,
    "ip_address": null,
    "created_at": "2025-08-01T15:14:46.791Z"
  }
},
{
  "model": "admin_logs.adminactionlog",
  "pk": 107,
  "fields": {
    "user": null,
    "action": "create",
    "app_label": "blog",
    "model_name": "blogcategory",
    "object_id": 3,
    "changes": {},
    "access_level": null,
    "ip_address": null,
    "created_at": "2025-08-01T15:14:46.791Z"
  }
},
{
  "model": "admin_logs.adminactionlog",
  "pk": 108,
  "fields": {
    "user": null,
    "action": "create",
    "app_label": "blog",
    "model_name": "blogcategory",
    "object_id": 4,
    "changes": {},
    "access_level": null,
    "ip_address": null,
    "created_at": "2025-08-01T15:14:46.792Z"
  }
},
{
  "model": "admin_logs.adminactionlog",
  "pk": 109,
  "fields": {
    "user": null,
    "action": "create",
    "app_label": "blog",
    "model_name": "blogcategory",
    "object_id": 5,
    "changes": {},
    "access_level": null,
    "ip_address": null,
    "created_at": "2025-08-01T15:14:46.793Z"
  }
},
{
  "model": "admin_logs.adminactionlog",
  "pk": 110,
  "fields": {
    "user": null,
    "action": "create",
    "app_label": "blog",
    "model_name": "blogcategory",
    "object_id": 6,
    "changes": {},
    "access_level": null,
    "ip_address": null,
    "created_at": "2025-08-01T15:14:46.794Z"
  }
},
{
  "model": "admin_logs.adminactionlog",
  "pk": 111,
  "fields": {
    "user": null,
    "action": "create",
    "app_label": "blog",
    "model_name": "blogcategory",
    "object_id": 7,
    "changes": {},
    "access_level": null,
    "ip_address": null,
    "created_at": "2025-08-01T15:14:46.795Z"
  }
},
{
  "model": "admin_logs.adminactionlog",
  "pk": 112,
  "fields": {
    "user": null,
    "action": "create",
    "app_label": "blog",
    "model_name": "blogcategory",
    "object_id": 8,
    "changes": {},
    "access_level": null,
    "ip_address": null,
    "created_at": "2025-08-01T15:14:46.795Z"
  }
},
{
  "model": "admin_logs.adminactionlog",
  "pk": 113,
  "fields": {
    "user": null,
    "action": "create",
    "app_label": "blog",
    "model_name": "blogcategory",
    "object_id": 9,
    "changes": {},
    "access_level": null,
    "ip_address": null,
    "created_at": "2025-08-01T15:14:46.796Z"
  }
},
{
  "model": "admin_logs.adminactionlog",
  "pk": 114,
  "fields": {
    "user": null,
    "action": "create",
    "app_label": "blog",
    "model_name": "blogcategory",
    "object_id": 10,
    "changes": {},
    "access_level": null,
    "ip_address": null,
    "created_at": "2025-08-01T15:14:46.797Z"
  }
},
{
  "model": "admin_logs.adminactionlog",
  "pk": 115,
  "fields": {
    "user": null,
    "action": "create",
    "app_label": "requests",
    "model_name": "anonymousrequest",
    "object_id": 1,
    "changes": {},
    "access_level": null,
    "ip_address": null,
    "created_at": "2025-08-04T18:03:43.924Z"
  }
},
{
  "model": "admin_logs.adminactionlog",
  "pk": 116,
  "fields": {
    "user": null,
    "action": "create",
    "app_label": "requests",
    "model_name": "anonymousrequest",
    "object_id": 2,
    "changes": {},
    "access_level": null,
    "ip_address": null,
    "created_at": "2025-08-04T18:04:02.248Z"
  }
},
{
  "model": "admin_logs.adminactionlog",
  "pk": 117,
  "fields": {
    "user": null,
    "action": "create",
    "app_label": "requests",
    "model_name": "anonymousrequest",
    "object_id": 3,
    "changes": {},
    "access_level": null,
    "ip_address": null,
    "created_at": "2025-08-04T18:04:18.945Z"
  }
},
{
  "model": "admin_logs.adminactionlog",
  "pk": 118,
  "fields": {
    "user": null,
    "action": "create",
    "app_label": "requests",
    "model_name": "anonymousrequest",
    "object_id": 4,
    "changes": {},
    "access_level": null,
    "ip_address": null,
    "created_at": "2025-08-04T18:05:56.770Z"
  }
},
{
  "model": "admin_logs.adminactionlog",
  "pk": 119,
  "fields": {
    "user": null,
    "action": "update",
    "app_label": "facilities",
    "model_name": "rehabcenter",
    "object_id": 1,
    "changes": {
      "updated_at": {
        "old": "2025-08-01T12:45:04.441000+00:00",
        "new": "2025-08-05T11:51:27.830054+00:00"
      },
      "name": {
        "old": "Тестовый центр",
        "new": "Мое Море"
      },
      "website": {
        "old": null,
        "new": "http://moemorer-rehab.ru"
      },
      "address": {
        "old": "Тестовый адрес",
        "new": "Анапа, Центральная 66."
      },
      "phone": {
        "old": "+7 123 456 7890",
        "new": "89180542585"
      },
      "email": {
        "old": "test@example.com",
        "new": "moemore-rehab@mail.ru"
      }
    },
    "access_level": null,
    "ip_address": null,
    "created_at": "2025-08-05T11:51:27.850Z"
  }
},
{
  "model": "admin_logs.adminactionlog",
  "pk": 120,
  "fields": {
    "user": null,
    "action": "update",
    "app_label": "facilities",
    "model_name": "rehabcenter",
    "object_id": 1,
    "changes": {
      "updated_at": {
        "old": "2025-08-05T11:51:27.830054+00:00",
        "new": "2025-08-05T11:55:44.680061+00:00"
      },
      "description": {
        "old": "Тестовое описание",
        "new": "Реабилитационный центр в Анапе. Терапия зависимостей."
      }
    },
    "access_level": null,
    "ip_address": null,
    "created_at": "2025-08-05T11:55:44.689Z"
  }
},
{
  "model": "admin_logs.adminactionlog",
  "pk": 121,
  "fields": {
    "user": null,
    "action": "update",
    "app_label": "facilities",
    "model_name": "rehabcenter",
    "object_id": 1,
    "changes": {
      "updated_at": {
        "old": "2025-08-05T11:55:44.680061+00:00",
        "new": "2025-08-05T12:03:03.144859+00:00"
      },
      "meta_title": {
        "old": null,
        "new": "Мое Море. Реабилитационный центр."
      },
      "meta_description": {
        "old": "",
        "new": "Лечение зависимости в Анапе. Рехаб хакинг, другой взгляд на реабилитацию. Анонимно. Различные программы реабилитации."
      },
      "meta_keywords": {
        "old": null,
        "new": "реабилитация наркомании, центр реабилитации, лечение зависимостей, ресоциализация, Анапа"
      },
      "meta_image": {
        "old": "",
        "new": "facilities/meta_images/moemore-logotype.png"
      }
    },
    "access_level": null,
    "ip_address": null,
    "created_at": "2025-08-05T12:03:03.154Z"
  }
},
{
  "model": "admin_logs.adminactionlog",
  "pk": 122,
  "fields": {
    "user": null,
    "action": "update",
    "app_label": "facilities",
    "model_name": "rehabcenter",
    "object_id": 1,
    "changes": {
      "updated_at": {
        "old": "2025-08-05T12:03:03.144859+00:00",
        "new": "2025-08-05T12:06:39.889852+00:00"
      }
    },
    "access_level": null,
    "ip_address": null,
    "created_at": "2025-08-05T12:06:39.900Z"
  }
},
{
  "model": "admin_logs.adminactionlog",
  "pk": 123,
  "fields": {
    "user": null,
    "action": "create",
    "app_label": "facilities",
    "model_name": "facilityimage",
    "object_id": 1,
    "changes": {},
    "access_level": null,
    "ip_address": null,
    "created_at": "2025-08-05T12:06:39.920Z"
  }
},
{
  "model": "admin_logs.adminactionlog",
  "pk": 124,
  "fields": {
    "user": null,
    "action": "create",
    "app_label": "staff",
    "model_name": "facilityspecialist",
    "object_id": 1,
    "changes": {},
    "access_level": null,
    "ip_address": null,
    "created_at": "2025-08-05T12:50:42.391Z"
  }
},
{
  "model": "admin_logs.adminactionlog",
  "pk": 125,
  "fields": {
    "user": null,
    "action": "update",
    "app_label": "staff",
    "model_name": "facilityspecialist",
    "object_id": 1,
    "changes": {
      "updated_at": {
        "old": "2025-08-05T12:50:42.382501+00:00",
        "new": "2025-08-05T12:51:02.834996+00:00"
      },
      "photo": {
        "old": "",
        "new": "specialists/Вася.jpg"
      }
    },
    "access_level": null,
    "ip_address": null,
    "created_at": "2025-08-05T12:51:02.846Z"
  }
},
{
  "model": "admin_logs.adminactionlog",
  "pk": 126,
  "fields": {
    "user": null,
    "action": "update",
    "app_label": "staff",
    "model_name": "facilityspecialist",
    "object_id": 1,
    "changes": {
      "updated_at": {
        "old": "2025-08-05T12:51:02.834996+00:00",
        "new": "2025-08-05T12:51:10.183987+00:00"
      }
    },
    "access_level": null,
    "ip_address": null,
    "created_at": "2025-08-05T12:51:10.192Z"
  }
},
{
  "model": "admin_logs.adminactionlog",
  "pk": 127,
  "fields": {
    "user": null,
    "action": "update",
    "app_label": "staff",
    "model_name": "facilityspecialist",
    "object_id": 1,
    "changes": {
      "updated_at": {
        "old": "2025-08-05T12:51:10.183987+00:00",
        "new": "2025-08-05T12:54:46.869382+00:00"
      },
      "meta_title": {
        "old": null,
        "new": "Василий Лучшев. Психолог. Психотерапевт."
      },
      "meta_description": {
        "old": "",
        "new": "Василий Лучшев. Психолог. Психотерапевт. Автор метода терапии зависимостей \"Rehab hacking\" Лечение зависимостей."
      },
      "meta_keywords": {
        "old": null,
        "new": "Василий Лучшев. Психолог. Психотерапевт. Автор метода терапии зависимостей \"Rehab hacking\""
      }
    },
    "access_level": null,
    "ip_address": null,
    "created_at": "2025-08-05T12:54:46.878Z"
  }
},
{
  "model": "admin_logs.adminactionlog",
  "pk": 128,
  "fields": {
    "user": null,
    "action": "update",
    "app_label": "staff",
    "model_name": "facilityspecialist",
    "object_id": 1,
    "changes": {
      "updated_at": {
        "old": "2025-08-05T12:54:46.869382+00:00",
        "new": "2025-08-05T12:54:57.302472+00:00"
      },
      "is_active": {
        "old": false,
        "new": true
      }
    },
    "access_level": null,
    "ip_address": null,
    "created_at": "2025-08-05T12:54:57.311Z"
  }
},
{
  "model": "admin_logs.adminactionlog",
  "pk": 129,
  "fields": {
    "user": null,
    "action": "create",
    "app_label": "staff",
    "model_name": "specialistdocument",
    "object_id": 1,
    "changes": {},
    "access_level": null,
    "ip_address": null,
    "created_at": "2025-08-05T13:01:14.795Z"
  }
},
{
  "model": "admin_logs.adminactionlog",
  "pk": 130,
  "fields": {
    "user": null,
    "action": "create",
    "app_label": "staff",
    "model_name": "specialistdocument",
    "object_id": 2,
    "changes": {},
    "access_level": null,
    "ip_address": null,
    "created_at": "2025-08-05T13:02:03.497Z"
  }
},
{
  "model": "admin_logs.adminactionlog",
  "pk": 131,
  "fields": {
    "user": null,
    "action": "create",
    "app_label": "staff",
    "model_name": "specialistdocument",
    "object_id": 3,
    "changes": {},
    "access_level": null,
    "ip_address": null,
    "created_at": "2025-08-05T13:02:43.200Z"
  }
},
{
  "model": "admin_logs.adminactionlog",
  "pk": 132,
  "fields": {
    "user": null,
    "action": "create",
    "app_label": "staff",
    "model_name": "specialistdocument",
    "object_id": 4,
    "changes": {},
    "access_level": null,
    "ip_address": null,
    "created_at": "2025-08-05T13:02:58.354Z"
  }
},
{
  "model": "admin_logs.adminactionlog",
  "pk": 133,
  "fields": {
    "user": null,
    "action": "create",
    "app_label": "staff",
    "model_name": "specialistdocument",
    "object_id": 5,
    "changes": {},
    "access_level": null,
    "ip_address": null,
    "created_at": "2025-08-05T13:03:15.779Z"
  }
},
{
  "model": "admin_logs.adminactionlog",
  "pk": 134,
  "fields": {
    "user": null,
    "action": "update",
    "app_label": "facilities",
    "model_name": "rehabcenter",
    "object_id": 1,
    "changes": {
      "updated_at": {
        "old": "2025-08-05T12:06:39.889852+00:00",
        "new": "2025-08-05T13:07:52.043396+00:00"
      },
      "description": {
        "old": "Реабилитационный центр в Анапе. Терапия зависимостей.",
        "new": "Реабилитационный центр в Анапе. Терапия зависимостей. Партнер проекта \"Rehab hacking\"."
      }
    },
    "access_level": null,
    "ip_address": null,
    "created_at": "2025-08-05T13:07:52.052Z"
  }
},
{
  "model": "admin_logs.adminactionlog",
  "pk": 135,
  "fields": {
    "user": null,
    "action": "update",
    "app_label": "facilities",
    "model_name": "rehabcenter",
    "object_id": 1,
    "changes": {
      "updated_at": {
        "old": "2025-08-05T13:07:52.043396+00:00",
        "new": "2025-08-05T13:08:11.304667+00:00"
      },
      "description": {
        "old": "Реабилитационный центр в Анапе. Терапия зависимостей. Партнер проекта \"Rehab hacking\".",
        "new": "Реабилитационный центр в Анапе. Терапия зависимостей. \r\nПартнер проекта \"Rehab hacking\"."
      }
    },
    "access_level": null,
    "ip_address": null,
    "created_at": "2025-08-05T13:08:11.313Z"
  }
},
{
  "model": "admin_logs.adminactionlog",
  "pk": 136,
  "fields": {
    "user": null,
    "action": "update",
    "app_label": "facilities",
    "model_name": "rehabcenter",
    "object_id": 1,
    "changes": {
      "updated_at": {
        "old": "2025-08-05T13:08:11.304667+00:00",
        "new": "2025-08-05T13:08:37.672778+00:00"
      },
      "description": {
        "old": "Реабилитационный центр в Анапе. Терапия зависимостей. \r\nПартнер проекта \"Rehab hacking\".",
        "new": "Реабилитационный центр в Анапе. \r\nТерапия зависимостей. \r\nПартнер проекта \"Rehab hacking\"."
      }
    },
    "access_level": null,
    "ip_address": null,
    "created_at": "2025-08-05T13:08:37.681Z"
  }
},
{
  "model": "admin_logs.adminactionlog",
  "pk": 137,
  "fields": {
    "user": null,
    "action": "create",
    "app_label": "staff",
    "model_name": "facilityspecialist",
    "object_id": 2,
    "changes": {},
    "access_level": null,
    "ip_address": null,
    "created_at": "2025-08-05T13:16:49.091Z"
  }
},
{
  "model": "admin_logs.adminactionlog",
  "pk": 138,
  "fields": {
    "user": null,
    "action": "update",
    "app_label": "staff",
    "model_name": "facilityspecialist",
    "object_id": 2,
    "changes": {
      "updated_at": {
        "old": "2025-08-05T13:16:49.082515+00:00",
        "new": "2025-08-05T13:17:00.797328+00:00"
      },
      "is_active": {
        "old": false,
        "new": true
      }
    },
    "access_level": null,
    "ip_address": null,
    "created_at": "2025-08-05T13:17:00.807Z"
  }
},
{
  "model": "admin_logs.adminactionlog",
  "pk": 139,
  "fields": {
    "user": null,
    "action": "create",
    "app_label": "staff",
    "model_name": "specialistdocument",
    "object_id": 6,
    "changes": {},
    "access_level": null,
    "ip_address": null,
    "created_at": "2025-08-05T13:19:28.167Z"
  }
},
{
  "model": "admin_logs.adminactionlog",
  "pk": 140,
  "fields": {
    "user": null,
    "action": "update",
    "app_label": "staff",
    "model_name": "facilityspecialist",
    "object_id": 2,
    "changes": {
      "updated_at": {
        "old": "2025-08-05T13:17:00.797328+00:00",
        "new": "2025-08-05T13:20:44.917605+00:00"
      }
    },
    "access_level": null,
    "ip_address": null,
    "created_at": "2025-08-05T13:20:44.927Z"
  }
},
{
  "model": "admin_logs.adminactionlog",
  "pk": 141,
  "fields": {
    "user": null,
    "action": "update",
    "app_label": "staff",
    "model_name": "facilityspecialist",
    "object_id": 2,
    "changes": {
      "updated_at": {
        "old": "2025-08-05T13:20:44.917605+00:00",
        "new": "2025-08-05T13:20:51.489752+00:00"
      },
      "photo": {
        "old": "",
        "new": "specialists/photo_2025-07-30_09-54-11.jpg"
      }
    },
    "access_level": null,
    "ip_address": null,
    "created_at": "2025-08-05T13:20:51.505Z"
  }
},
{
  "model": "admin_logs.adminactionlog",
  "pk": 142,
  "fields": {
    "user": null,
    "action": "update",
    "app_label": "staff",
    "model_name": "facilityspecialist",
    "object_id": 2,
    "changes": {
      "updated_at": {
        "old": "2025-08-05T13:20:51.489752+00:00",
        "new": "2025-08-05T13:20:55.337758+00:00"
      }
    },
    "access_level": null,
    "ip_address": null,
    "created_at": "2025-08-05T13:20:55.347Z"
  }
},
{
  "model": "admin_logs.adminactionlog",
  "pk": 143,
  "fields": {
    "user": null,
    "action": "update",
    "app_label": "facilities",
    "model_name": "rehabcenter",
    "object_id": 1,
    "changes": {
      "updated_at": {
        "old": "2025-08-05T13:08:37.672778+00:00",
        "new": "2025-08-05T13:24:52.442037+00:00"
      }
    },
    "access_level": null,
    "ip_address": null,
    "created_at": "2025-08-05T13:24:52.453Z"
  }
},
{
  "model": "admin_logs.adminactionlog",
  "pk": 144,
  "fields": {
    "user": null,
    "action": "create",
    "app_label": "facilities",
    "model_name": "facilitydocument",
    "object_id": 1,
    "changes": {},
    "access_level": null,
    "ip_address": null,
    "created_at": "2025-08-05T13:24:52.467Z"
  }
},
{
  "model": "admin_logs.adminactionlog",
  "pk": 145,
  "fields": {
    "user": null,
    "action": "update",
    "app_label": "facilities",
    "model_name": "rehabcenter",
    "object_id": 1,
    "changes": {
      "updated_at": {
        "old": "2025-08-05T13:24:52.442037+00:00",
        "new": "2025-08-05T13:49:54.981794+00:00"
      }
    },
    "access_level": null,
    "ip_address": null,
    "created_at": "2025-08-05T13:49:54.991Z"
  }
},
{
  "model": "admin_logs.adminactionlog",
  "pk": 146,
  "fields": {
    "user": null,
    "action": "update",
    "app_label": "facilities",
    "model_name": "facilityimage",
    "object_id": 1,
    "changes": {
      "updated_at": {
        "old": "2025-08-05T12:06:39.909599+00:00",
        "new": "2025-08-05T13:49:55.002270+00:00"
      },
      "is_main": {
        "old": false,
        "new": true
      }
    },
    "access_level": null,
    "ip_address": null,
    "created_at": "2025-08-05T13:49:55.009Z"
  }
},
{
  "model": "admin_logs.adminactionlog",
  "pk": 147,
  "fields": {
    "user": null,
    "action": "create",
    "app_label": "facilities",
    "model_name": "facilityimage",
    "object_id": 2,
    "changes": {},
    "access_level": null,
    "ip_address": null,
    "created_at": "2025-08-05T13:49:55.023Z"
  }
},
{
  "model": "admin_logs.adminactionlog",
  "pk": 148,
  "fields": {
    "user": null,
    "action": "create",
    "app_label": "facilities",
    "model_name": "facilityimage",
    "object_id": 3,
    "changes": {},
    "access_level": null,
    "ip_address": null,
    "created_at": "2025-08-05T13:49:55.037Z"
  }
},
{
  "model": "admin_logs.adminactionlog",
  "pk": 149,
  "fields": {
    "user": null,
    "action": "create",
    "app_label": "facilities",
    "model_name": "facilityimage",
    "object_id": 4,
    "changes": {},
    "access_level": null,
    "ip_address": null,
    "created_at": "2025-08-05T13:49:55.050Z"
  }
},
{
  "model": "admin_logs.adminactionlog",
  "pk": 150,
  "fields": {
    "user": null,
    "action": "create",
    "app_label": "facilities",
    "model_name": "facilityimage",
    "object_id": 5,
    "changes": {},
    "access_level": null,
    "ip_address": null,
    "created_at": "2025-08-05T13:49:55.064Z"
  }
},
{
  "model": "admin_logs.adminactionlog",
  "pk": 151,
  "fields": {
    "user": null,
    "action": "create",
    "app_label": "facilities",
    "model_name": "facilityimage",
    "object_id": 6,
    "changes": {},
    "access_level": null,
    "ip_address": null,
    "created_at": "2025-08-05T13:49:55.079Z"
  }
},
{
  "model": "admin_logs.adminactionlog",
  "pk": 152,
  "fields": {
    "user": null,
    "action": "create",
    "app_label": "facilities",
    "model_name": "facilityimage",
    "object_id": 7,
    "changes": {},
    "access_level": null,
    "ip_address": null,
    "created_at": "2025-08-05T13:49:55.093Z"
  }
},
{
  "model": "admin_logs.adminactionlog",
  "pk": 153,
  "fields": {
    "user": null,
    "action": "create",
    "app_label": "facilities",
    "model_name": "facilityimage",
    "object_id": 8,
    "changes": {},
    "access_level": null,
    "ip_address": null,
    "created_at": "2025-08-05T13:49:55.107Z"
  }
},
{
  "model": "admin_logs.adminactionlog",
  "pk": 154,
  "fields": {
    "user": null,
    "action": "update",
    "app_label": "facilities",
    "model_name": "rehabcenter",
    "object_id": 1,
    "changes": {
      "updated_at": {
        "old": "2025-08-05T13:49:54.981794+00:00",
        "new": "2025-08-05T13:51:29.567371+00:00"
      }
    },
    "access_level": null,
    "ip_address": null,
    "created_at": "2025-08-05T13:51:29.578Z"
  }
},
{
  "model": "admin_logs.adminactionlog",
  "pk": 155,
  "fields": {
    "user": null,
    "action": "create",
    "app_label": "facilities",
    "model_name": "facilityimage",
    "object_id": 9,
    "changes": {},
    "access_level": null,
    "ip_address": null,
    "created_at": "2025-08-05T13:51:29.591Z"
  }
},
{
  "model": "admin_logs.adminactionlog",
  "pk": 156,
  "fields": {
    "user": null,
    "action": "create",
    "app_label": "facilities",
    "model_name": "facilityimage",
    "object_id": 10,
    "changes": {},
    "access_level": null,
    "ip_address": null,
    "created_at": "2025-08-05T13:51:29.605Z"
  }
},
{
  "model": "admin_logs.adminactionlog",
  "pk": 157,
  "fields": {
    "user": null,
    "action": "create",
    "app_label": "facilities",
    "model_name": "facilityimage",
    "object_id": 11,
    "changes": {},
    "access_level": null,
    "ip_address": null,
    "created_at": "2025-08-05T13:51:29.619Z"
  }
},
{
  "model": "admin_logs.adminactionlog",
  "pk": 158,
  "fields": {
    "user": null,
    "action": "create",
    "app_label": "facilities",
    "model_name": "facilityimage",
    "object_id": 12,
    "changes": {},
    "access_level": null,
    "ip_address": null,
    "created_at": "2025-08-05T13:51:29.632Z"
  }
},
{
  "model": "admin_logs.adminactionlog",
  "pk": 159,
  "fields": {
    "user": null,
    "action": "create",
    "app_label": "facilities",
    "model_name": "facilityimage",
    "object_id": 13,
    "changes": {},
    "access_level": null,
    "ip_address": null,
    "created_at": "2025-08-05T13:51:29.646Z"
  }
},
{
  "model": "admin_logs.adminactionlog",
  "pk": 160,
  "fields": {
    "user": null,
    "action": "create",
    "app_label": "facilities",
    "model_name": "facilityimage",
    "object_id": 14,
    "changes": {},
    "access_level": null,
    "ip_address": null,
    "created_at": "2025-08-05T13:51:29.659Z"
  }
},
{
  "model": "admin_logs.adminactionlog",
  "pk": 161,
  "fields": {
    "user": null,
    "action": "create",
    "app_label": "facilities",
    "model_name": "facilityimage",
    "object_id": 15,
    "changes": {},
    "access_level": null,
    "ip_address": null,
    "created_at": "2025-08-05T13:51:29.673Z"
  }
},
{
  "model": "admin_logs.adminactionlog",
  "pk": 162,
  "fields": {
    "user": null,
    "action": "update",
    "app_label": "facilities",
    "model_name": "rehabcenter",
    "object_id": 1,
    "changes": {
      "updated_at": {
        "old": "2025-08-05T13:51:29.567371+00:00",
        "new": "2025-08-05T13:52:40.294644+00:00"
      }
    },
    "access_level": null,
    "ip_address": null,
    "created_at": "2025-08-05T13:52:40.305Z"
  }
},
{
  "model": "admin_logs.adminactionlog",
  "pk": 163,
  "fields": {
    "user": null,
    "action": "create",
    "app_label": "facilities",
    "model_name": "facilityimage",
    "object_id": 16,
    "changes": {},
    "access_level": null,
    "ip_address": null,
    "created_at": "2025-08-05T13:52:40.318Z"
  }
},
{
  "model": "admin_logs.adminactionlog",
  "pk": 164,
  "fields": {
    "user": null,
    "action": "create",
    "app_label": "facilities",
    "model_name": "facilityimage",
    "object_id": 17,
    "changes": {},
    "access_level": null,
    "ip_address": null,
    "created_at": "2025-08-05T13:52:40.332Z"
  }
},
{
  "model": "admin_logs.adminactionlog",
  "pk": 165,
  "fields": {
    "user": null,
    "action": "create",
    "app_label": "facilities",
    "model_name": "facilityimage",
    "object_id": 18,
    "changes": {},
    "access_level": null,
    "ip_address": null,
    "created_at": "2025-08-05T13:52:40.346Z"
  }
},
{
  "model": "admin_logs.adminactionlog",
  "pk": 166,
  "fields": {
    "user": null,
    "action": "update",
    "app_label": "facilities",
    "model_name": "rehabcenter",
    "object_id": 1,
    "changes": {
      "updated_at": {
        "old": "2025-08-05T13:52:40.294644+00:00",
        "new": "2025-08-05T13:53:43.869602+00:00"
      }
    },
    "access_level": null,
    "ip_address": null,
    "created_at": "2025-08-05T13:53:43.879Z"
  }
},
{
  "model": "admin_logs.adminactionlog",
  "pk": 167,
  "fields": {
    "user": null,
    "action": "create",
    "app_label": "facilities",
    "model_name": "facilityimage",
    "object_id": 19,
    "changes": {},
    "access_level": null,
    "ip_address": null,
    "created_at": "2025-08-05T13:53:43.894Z"
  }
},
{
  "model": "admin_logs.adminactionlog",
  "pk": 168,
  "fields": {
    "user": null,
    "action": "create",
    "app_label": "facilities",
    "model_name": "facilityimage",
    "object_id": 20,
    "changes": {},
    "access_level": null,
    "ip_address": null,
    "created_at": "2025-08-05T13:53:43.908Z"
  }
},
{
  "model": "admin_logs.adminactionlog",
  "pk": 169,
  "fields": {
    "user": null,
    "action": "update",
    "app_label": "facilities",
    "model_name": "rehabcenter",
    "object_id": 1,
    "changes": {
      "updated_at": {
        "old": "2025-08-05T13:53:43.869602+00:00",
        "new": "2025-08-05T13:54:09.854670+00:00"
      }
    },
    "access_level": null,
    "ip_address": null,
    "created_at": "2025-08-05T13:54:09.871Z"
  }
},
{
  "model": "admin_logs.adminactionlog",
  "pk": 170,
  "fields": {
    "user": null,
    "action": "delete",
    "app_label": "facilities",
    "model_name": "facilityimage",
    "object_id": 10,
    "changes": {},
    "access_level": null,
    "ip_address": null,
    "created_at": "2025-08-05T13:54:09.884Z"
  }
},
{
  "model": "admin_logs.adminactionlog",
  "pk": 171,
  "fields": {
    "user": null,
    "action": "delete",
    "app_label": "facilities",
    "model_name": "facilityimage",
    "object_id": 15,
    "changes": {},
    "access_level": null,
    "ip_address": null,
    "created_at": "2025-08-05T13:54:09.897Z"
  }
},
{
  "model": "admin_logs.adminactionlog",
  "pk": 172,
  "fields": {
    "user": null,
    "action": "update",
    "app_label": "facilities",
    "model_name": "rehabcenter",
    "object_id": 1,
    "changes": {
      "updated_at": {
        "old": "2025-08-05T13:54:09.854670+00:00",
        "new": "2025-08-05T13:57:00.833217+00:00"
      }
    },
    "access_level": null,
    "ip_address": null,
    "created_at": "2025-08-05T13:57:00.849Z"
  }
},
{
  "model": "admin_logs.adminactionlog",
  "pk": 173,
  "fields": {
    "user": null,
    "action": "update",
    "app_label": "facilities",
    "model_name": "facilityimage",
    "object_id": 3,
    "changes": {
      "updated_at": {
        "old": "2025-08-05T13:49:55.030247+00:00",
        "new": "2025-08-05T13:57:00.855731+00:00"
      },
      "order": {
        "old": 0,
        "new": 18
      }
    },
    "access_level": null,
    "ip_address": null,
    "created_at": "2025-08-05T13:57:00.862Z"
  }
},
{
  "model": "admin_logs.adminactionlog",
  "pk": 174,
  "fields": {
    "user": null,
    "action": "update",
    "app_label": "facilities",
    "model_name": "facilityimage",
    "object_id": 4,
    "changes": {
      "updated_at": {
        "old": "2025-08-05T13:49:55.043585+00:00",
        "new": "2025-08-05T13:57:00.869776+00:00"
      },
      "order": {
        "old": 0,
        "new": 4
      }
    },
    "access_level": null,
    "ip_address": null,
    "created_at": "2025-08-05T13:57:00.876Z"
  }
},
{
  "model": "admin_logs.adminactionlog",
  "pk": 175,
  "fields": {
    "user": null,
    "action": "update",
    "app_label": "facilities",
    "model_name": "facilityimage",
    "object_id": 5,
    "changes": {
      "updated_at": {
        "old": "2025-08-05T13:49:55.057533+00:00",
        "new": "2025-08-05T13:57:00.883357+00:00"
      },
      "order": {
        "old": 0,
        "new": 17
      }
    },
    "access_level": null,
    "ip_address": null,
    "created_at": "2025-08-05T13:57:00.890Z"
  }
},
{
  "model": "admin_logs.adminactionlog",
  "pk": 176,
  "fields": {
    "user": null,
    "action": "update",
    "app_label": "facilities",
    "model_name": "facilityimage",
    "object_id": 6,
    "changes": {
      "updated_at": {
        "old": "2025-08-05T13:49:55.072524+00:00",
        "new": "2025-08-05T13:57:00.897847+00:00"
      },
      "order": {
        "old": 0,
        "new": 15
      }
    },
    "access_level": null,
    "ip_address": null,
    "created_at": "2025-08-05T13:57:00.905Z"
  }
},
{
  "model": "admin_logs.adminactionlog",
  "pk": 177,
  "fields": {
    "user": null,
    "action": "update",
    "app_label": "facilities",
    "model_name": "facilityimage",
    "object_id": 7,
    "changes": {
      "updated_at": {
        "old": "2025-08-05T13:49:55.086632+00:00",
        "new": "2025-08-05T13:57:00.912188+00:00"
      },
      "order": {
        "old": 0,
        "new": 16
      }
    },
    "access_level": null,
    "ip_address": null,
    "created_at": "2025-08-05T13:57:00.918Z"
  }
},
{
  "model": "admin_logs.adminactionlog",
  "pk": 178,
  "fields": {
    "user": null,
    "action": "update",
    "app_label": "facilities",
    "model_name": "facilityimage",
    "object_id": 8,
    "changes": {
      "updated_at": {
        "old": "2025-08-05T13:49:55.100755+00:00",
        "new": "2025-08-05T13:57:00.925793+00:00"
      },
      "order": {
        "old": 0,
        "new": 5
      }
    },
    "access_level": null,
    "ip_address": null,
    "created_at": "2025-08-05T13:57:00.932Z"
  }
},
{
  "model": "admin_logs.adminactionlog",
  "pk": 179,
  "fields": {
    "user": null,
    "action": "update",
    "app_label": "facilities",
    "model_name": "facilityimage",
    "object_id": 9,
    "changes": {
      "updated_at": {
        "old": "2025-08-05T13:51:29.585048+00:00",
        "new": "2025-08-05T13:57:00.938900+00:00"
      },
      "order": {
        "old": 0,
        "new": 3
      }
    },
    "access_level": null,
    "ip_address": null,
    "created_at": "2025-08-05T13:57:00.946Z"
  }
},
{
  "model": "admin_logs.adminactionlog",
  "pk": 180,
  "fields": {
    "user": null,
    "action": "update",
    "app_label": "facilities",
    "model_name": "facilityimage",
    "object_id": 11,
    "changes": {
      "updated_at": {
        "old": "2025-08-05T13:51:29.612436+00:00",
        "new": "2025-08-05T13:57:00.952776+00:00"
      },
      "order": {
        "old": 0,
        "new": 14
      }
    },
    "access_level": null,
    "ip_address": null,
    "created_at": "2025-08-05T13:57:00.959Z"
  }
},
{
  "model": "admin_logs.adminactionlog",
  "pk": 181,
  "fields": {
    "user": null,
    "action": "update",
    "app_label": "facilities",
    "model_name": "facilityimage",
    "object_id": 12,
    "changes": {
      "updated_at": {
        "old": "2025-08-05T13:51:29.625784+00:00",
        "new": "2025-08-05T13:57:00.966323+00:00"
      },
      "order": {
        "old": 0,
        "new": 13
      }
    },
    "access_level": null,
    "ip_address": null,
    "created_at": "2025-08-05T13:57:00.973Z"
  }
},
{
  "model": "admin_logs.adminactionlog",
  "pk": 182,
  "fields": {
    "user": null,
    "action": "update",
    "app_label": "facilities",
    "model_name": "facilityimage",
    "object_id": 13,
    "changes": {
      "updated_at": {
        "old": "2025-08-05T13:51:29.639399+00:00",
        "new": "2025-08-05T13:57:00.980902+00:00"
      },
      "order": {
        "old": 0,
        "new": 12
      }
    },
    "access_level": null,
    "ip_address": null,
    "created_at": "2025-08-05T13:57:00.988Z"
  }
},
{
  "model": "admin_logs.adminactionlog",
  "pk": 183,
  "fields": {
    "user": null,
    "action": "update",
    "app_label": "facilities",
    "model_name": "facilityimage",
    "object_id": 14,
    "changes": {
      "updated_at": {
        "old": "2025-08-05T13:51:29.652828+00:00",
        "new": "2025-08-05T13:57:00.994881+00:00"
      },
      "order": {
        "old": 0,
        "new": 11
      }
    },
    "access_level": null,
    "ip_address": null,
    "created_at": "2025-08-05T13:57:01.001Z"
  }
},
{
  "model": "admin_logs.adminactionlog",
  "pk": 184,
  "fields": {
    "user": null,
    "action": "update",
    "app_label": "facilities",
    "model_name": "facilityimage",
    "object_id": 16,
    "changes": {
      "updated_at": {
        "old": "2025-08-05T13:52:40.311884+00:00",
        "new": "2025-08-05T13:57:01.008335+00:00"
      },
      "order": {
        "old": 0,
        "new": 10
      }
    },
    "access_level": null,
    "ip_address": null,
    "created_at": "2025-08-05T13:57:01.015Z"
  }
},
{
  "model": "admin_logs.adminactionlog",
  "pk": 185,
  "fields": {
    "user": null,
    "action": "update",
    "app_label": "facilities",
    "model_name": "facilityimage",
    "object_id": 17,
    "changes": {
      "updated_at": {
        "old": "2025-08-05T13:52:40.325527+00:00",
        "new": "2025-08-05T13:57:01.022462+00:00"
      },
      "order": {
        "old": 0,
        "new": 9
      }
    },
    "access_level": null,
    "ip_address": null,
    "created_at": "2025-08-05T13:57:01.030Z"
  }
},
{
  "model": "admin_logs.adminactionlog",
  "pk": 186,
  "fields": {
    "user": null,
    "action": "update",
    "app_label": "facilities",
    "model_name": "facilityimage",
    "object_id": 18,
    "changes": {
      "updated_at": {
        "old": "2025-08-05T13:52:40.339099+00:00",
        "new": "2025-08-05T13:57:01.036836+00:00"
      },
      "order": {
        "old": 0,
        "new": 7
      }
    },
    "access_level": null,
    "ip_address": null,
    "created_at": "2025-08-05T13:57:01.043Z"
  }
},
{
  "model": "admin_logs.adminactionlog",
  "pk": 187,
  "fields": {
    "user": null,
    "action": "update",
    "app_label": "facilities",
    "model_name": "facilityimage",
    "object_id": 19,
    "changes": {
      "updated_at": {
        "old": "2025-08-05T13:53:43.887318+00:00",
        "new": "2025-08-05T13:57:01.051074+00:00"
      },
      "order": {
        "old": 0,
        "new": 6
      }
    },
    "access_level": null,
    "ip_address": null,
    "created_at": "2025-08-05T13:57:01.058Z"
  }
},
{
  "model": "admin_logs.adminactionlog",
  "pk": 188,
  "fields": {
    "user": null,
    "action": "update",
    "app_label": "facilities",
    "model_name": "facilityimage",
    "object_id": 20,
    "changes": {
      "updated_at": {
        "old": "2025-08-05T13:53:43.901410+00:00",
        "new": "2025-08-05T13:57:01.065407+00:00"
      },
      "order": {
        "old": 0,
        "new": 8
      }
    },
    "access_level": null,
    "ip_address": null,
    "created_at": "2025-08-05T13:57:01.072Z"
  }
},
{
  "model": "admin_logs.adminactionlog",
  "pk": 189,
  "fields": {
    "user": null,
    "action": "create",
    "app_label": "staff",
    "model_name": "facilityspecialist",
    "object_id": 3,
    "changes": {},
    "access_level": null,
    "ip_address": null,
    "created_at": "2025-08-05T14:08:27.082Z"
  }
},
{
  "model": "admin_logs.adminactionlog",
  "pk": 190,
  "fields": {
    "user": null,
    "action": "update",
    "app_label": "staff",
    "model_name": "facilityspecialist",
    "object_id": 3,
    "changes": {
      "updated_at": {
        "old": "2025-08-05T14:08:27.073117+00:00",
        "new": "2025-08-05T14:08:34.548243+00:00"
      },
      "photo": {
        "old": "",
        "new": "specialists/img_7451.jpg"
      }
    },
    "access_level": null,
    "ip_address": null,
    "created_at": "2025-08-05T14:08:34.560Z"
  }
},
{
  "model": "admin_logs.adminactionlog",
  "pk": 191,
  "fields": {
    "user": null,
    "action": "update",
    "app_label": "staff",
    "model_name": "facilityspecialist",
    "object_id": 3,
    "changes": {
      "updated_at": {
        "old": "2025-08-05T14:08:34.548243+00:00",
        "new": "2025-08-05T14:08:39.505480+00:00"
      }
    },
    "access_level": null,
    "ip_address": null,
    "created_at": "2025-08-05T14:08:39.515Z"
  }
},
{
  "model": "admin_logs.adminactionlog",
  "pk": 192,
  "fields": {
    "user": null,
    "action": "update",
    "app_label": "staff",
    "model_name": "facilityspecialist",
    "object_id": 3,
    "changes": {
      "updated_at": {
        "old": "2025-08-05T14:08:39.505480+00:00",
        "new": "2025-08-05T14:09:18.305008+00:00"
      },
      "is_active": {
        "old": false,
        "new": true
      }
    },
    "access_level": null,
    "ip_address": null,
    "created_at": "2025-08-05T14:09:18.313Z"
  }
},
{
  "model": "admin_logs.adminactionlog",
  "pk": 193,
  "fields": {
    "user": null,
    "action": "update",
    "app_label": "facilities",
    "model_name": "rehabcenter",
    "object_id": 1,
    "changes": {
      "updated_at": {
        "old": "2025-08-05T13:57:00.833217+00:00",
        "new": "2025-08-05T14:12:51.655264+00:00"
      }
    },
    "access_level": null,
    "ip_address": null,
    "created_at": "2025-08-05T14:12:51.665Z"
  }
},
{
  "model": "admin_logs.adminactionlog",
  "pk": 194,
  "fields": {
    "user": null,
    "action": "update",
    "app_label": "staff",
    "model_name": "facilityspecialist",
    "object_id": 1,
    "changes": {
      "updated_at": {
        "old": "2025-08-05T12:54:57.302472+00:00",
        "new": "2025-08-05T14:12:51.672394+00:00"
      },
      "order": {
        "old": null,
        "new": 1
      }
    },
    "access_level": null,
    "ip_address": null,
    "created_at": "2025-08-05T14:12:51.679Z"
  }
},
{
  "model": "admin_logs.adminactionlog",
  "pk": 195,
  "fields": {
    "user": null,
    "action": "update",
    "app_label": "staff",
    "model_name": "facilityspecialist",
    "object_id": 3,
    "changes": {
      "updated_at": {
        "old": "2025-08-05T14:09:18.305008+00:00",
        "new": "2025-08-05T14:12:51.686954+00:00"
      },
      "order": {
        "old": null,
        "new": 3
      }
    },
    "access_level": null,
    "ip_address": null,
    "created_at": "2025-08-05T14:12:51.694Z"
  }
},
{
  "model": "admin_logs.adminactionlog",
  "pk": 196,
  "fields": {
    "user": null,
    "action": "update",
    "app_label": "staff",
    "model_name": "facilityspecialist",
    "object_id": 2,
    "changes": {
      "updated_at": {
        "old": "2025-08-05T13:20:55.337758+00:00",
        "new": "2025-08-05T14:12:51.702111+00:00"
      },
      "order": {
        "old": null,
        "new": 2
      }
    },
    "access_level": null,
    "ip_address": null,
    "created_at": "2025-08-05T14:12:51.709Z"
  }
},
{
  "model": "admin_logs.adminactionlog",
  "pk": 197,
  "fields": {
    "user": null,
    "action": "update",
    "app_label": "facilities",
    "model_name": "rehabcenter",
    "object_id": 1,
    "changes": {
      "updated_at": {
        "old": "2025-08-05T14:12:51.655264+00:00",
        "new": "2025-08-05T14:13:34.175992+00:00"
      }
    },
    "access_level": null,
    "ip_address": null,
    "created_at": "2025-08-05T14:13:34.184Z"
  }
},
{
  "model": "admin_logs.adminactionlog",
  "pk": 198,
  "fields": {
    "user": null,
    "action": "create",
    "app_label": "staff",
    "model_name": "facilityspecialist",
    "object_id": 4,
    "changes": {},
    "access_level": null,
    "ip_address": null,
    "created_at": "2025-08-05T15:49:22.861Z"
  }
},
{
  "model": "admin_logs.adminactionlog",
  "pk": 199,
  "fields": {
    "user": null,
    "action": "update",
    "app_label": "staff",
    "model_name": "facilityspecialist",
    "object_id": 4,
    "changes": {
      "updated_at": {
        "old": "2025-08-05T15:49:22.851857+00:00",
        "new": "2025-08-05T15:49:34.657001+00:00"
      },
      "photo": {
        "old": "",
        "new": "specialists/photo_8_2025-04-30_00-50-53.jpg"
      }
    },
    "access_level": null,
    "ip_address": null,
    "created_at": "2025-08-05T15:49:34.669Z"
  }
},
{
  "model": "admin_logs.adminactionlog",
  "pk": 200,
  "fields": {
    "user": null,
    "action": "update",
    "app_label": "staff",
    "model_name": "facilityspecialist",
    "object_id": 4,
    "changes": {
      "updated_at": {
        "old": "2025-08-05T15:49:34.657001+00:00",
        "new": "2025-08-05T15:49:43.880512+00:00"
      }
    },
    "access_level": null,
    "ip_address": null,
    "created_at": "2025-08-05T15:49:43.889Z"
  }
},
{
  "model": "admin_logs.adminactionlog",
  "pk": 201,
  "fields": {
    "user": null,
    "action": "create",
    "app_label": "staff",
    "model_name": "specialistdocument",
    "object_id": 7,
    "changes": {},
    "access_level": null,
    "ip_address": null,
    "created_at": "2025-08-05T15:50:29.316Z"
  }
},
{
  "model": "admin_logs.adminactionlog",
  "pk": 202,
  "fields": {
    "user": null,
    "action": "update",
    "app_label": "staff",
    "model_name": "specialistdocument",
    "object_id": 7,
    "changes": {
      "updated_at": {
        "old": "2025-08-05T15:50:29.307270+00:00",
        "new": "2025-08-05T15:50:51.117262+00:00"
      }
    },
    "access_level": null,
    "ip_address": null,
    "created_at": "2025-08-05T15:50:51.125Z"
  }
},
{
  "model": "admin_logs.adminactionlog",
  "pk": 203,
  "fields": {
    "user": null,
    "action": "create",
    "app_label": "staff",
    "model_name": "specialistdocument",
    "object_id": 8,
    "changes": {},
    "access_level": null,
    "ip_address": null,
    "created_at": "2025-08-05T15:51:19.407Z"
  }
},
{
  "model": "admin_logs.adminactionlog",
  "pk": 204,
  "fields": {
    "user": null,
    "action": "update",
    "app_label": "staff",
    "model_name": "specialistdocument",
    "object_id": 8,
    "changes": {
      "updated_at": {
        "old": "2025-08-05T15:51:19.398599+00:00",
        "new": "2025-08-05T15:51:37.266134+00:00"
      }
    },
    "access_level": null,
    "ip_address": null,
    "created_at": "2025-08-05T15:51:37.275Z"
  }
},
{
  "model": "admin_logs.adminactionlog",
  "pk": 205,
  "fields": {
    "user": null,
    "action": "create",
    "app_label": "staff",
    "model_name": "specialistdocument",
    "object_id": 9,
    "changes": {},
    "access_level": null,
    "ip_address": null,
    "created_at": "2025-08-05T15:51:59.498Z"
  }
},
{
  "model": "admin_logs.adminactionlog",
  "pk": 206,
  "fields": {
    "user": null,
    "action": "create",
    "app_label": "staff",
    "model_name": "specialistdocument",
    "object_id": 10,
    "changes": {},
    "access_level": null,
    "ip_address": null,
    "created_at": "2025-08-05T15:52:13.600Z"
  }
},
{
  "model": "admin_logs.adminactionlog",
  "pk": 207,
  "fields": {
    "user": null,
    "action": "delete",
    "app_label": "staff",
    "model_name": "specialistdocument",
    "object_id": 7,
    "changes": {},
    "access_level": null,
    "ip_address": null,
    "created_at": "2025-08-05T15:53:52.525Z"
  }
},
{
  "model": "admin_logs.adminactionlog",
  "pk": 208,
  "fields": {
    "user": null,
    "action": "create",
    "app_label": "staff",
    "model_name": "specialistdocument",
    "object_id": 11,
    "changes": {},
    "access_level": null,
    "ip_address": null,
    "created_at": "2025-08-05T15:54:32.977Z"
  }
},
{
  "model": "admin_logs.adminactionlog",
  "pk": 209,
  "fields": {
    "user": null,
    "action": "delete",
    "app_label": "staff",
    "model_name": "specialistdocument",
    "object_id": 11,
    "changes": {},
    "access_level": null,
    "ip_address": null,
    "created_at": "2025-08-05T15:56:15.520Z"
  }
},
{
  "model": "admin_logs.adminactionlog",
  "pk": 210,
  "fields": {
    "user": null,
    "action": "delete",
    "app_label": "staff",
    "model_name": "specialistdocument",
    "object_id": 10,
    "changes": {},
    "access_level": null,
    "ip_address": null,
    "created_at": "2025-08-05T15:56:15.534Z"
  }
},
{
  "model": "admin_logs.adminactionlog",
  "pk": 211,
  "fields": {
    "user": null,
    "action": "delete",
    "app_label": "staff",
    "model_name": "specialistdocument",
    "object_id": 9,
    "changes": {},
    "access_level": null,
    "ip_address": null,
    "created_at": "2025-08-05T15:56:15.546Z"
  }
},
{
  "model": "admin_logs.adminactionlog",
  "pk": 212,
  "fields": {
    "user": null,
    "action": "delete",
    "app_label": "staff",
    "model_name": "specialistdocument",
    "object_id": 8,
    "changes": {},
    "access_level": null,
    "ip_address": null,
    "created_at": "2025-08-05T15:56:15.559Z"
  }
},
{
  "model": "admin_logs.adminactionlog",
  "pk": 213,
  "fields": {
    "user": null,
    "action": "create",
    "app_label": "staff",
    "model_name": "specialistdocument",
    "object_id": 12,
    "changes": {},
    "access_level": null,
    "ip_address": null,
    "created_at": "2025-08-05T15:56:42.050Z"
  }
},
{
  "model": "admin_logs.adminactionlog",
  "pk": 214,
  "fields": {
    "user": null,
    "action": "create",
    "app_label": "staff",
    "model_name": "specialistdocument",
    "object_id": 13,
    "changes": {},
    "access_level": null,
    "ip_address": null,
    "created_at": "2025-08-05T15:56:52.541Z"
  }
},
{
  "model": "admin_logs.adminactionlog",
  "pk": 215,
  "fields": {
    "user": null,
    "action": "create",
    "app_label": "staff",
    "model_name": "specialistdocument",
    "object_id": 14,
    "changes": {},
    "access_level": null,
    "ip_address": null,
    "created_at": "2025-08-05T15:57:07.464Z"
  }
},
{
  "model": "admin_logs.adminactionlog",
  "pk": 216,
  "fields": {
    "user": null,
    "action": "create",
    "app_label": "staff",
    "model_name": "specialistdocument",
    "object_id": 15,
    "changes": {},
    "access_level": null,
    "ip_address": null,
    "created_at": "2025-08-05T15:57:22.339Z"
  }
},
{
  "model": "admin_logs.adminactionlog",
  "pk": 217,
  "fields": {
    "user": null,
    "action": "create",
    "app_label": "staff",
    "model_name": "specialistdocument",
    "object_id": 16,
    "changes": {},
    "access_level": null,
    "ip_address": null,
    "created_at": "2025-08-05T15:57:46.075Z"
  }
},
{
  "model": "admin_logs.adminactionlog",
  "pk": 218,
  "fields": {
    "user": null,
    "action": "create",
    "app_label": "staff",
    "model_name": "specialistdocument",
    "object_id": 17,
    "changes": {},
    "access_level": null,
    "ip_address": null,
    "created_at": "2025-08-05T15:58:25.742Z"
  }
},
{
  "model": "admin_logs.adminactionlog",
  "pk": 219,
  "fields": {
    "user": null,
    "action": "create",
    "app_label": "staff",
    "model_name": "specialistdocument",
    "object_id": 18,
    "changes": {},
    "access_level": null,
    "ip_address": null,
    "created_at": "2025-08-05T15:58:48.315Z"
  }
},
{
  "model": "admin_logs.adminactionlog",
  "pk": 220,
  "fields": {
    "user": null,
    "action": "create",
    "app_label": "staff",
    "model_name": "specialistdocument",
    "object_id": 19,
    "changes": {},
    "access_level": null,
    "ip_address": null,
    "created_at": "2025-08-05T15:59:05.226Z"
  }
},
{
  "model": "admin_logs.adminactionlog",
  "pk": 221,
  "fields": {
    "user": null,
    "action": "create",
    "app_label": "staff",
    "model_name": "specialistdocument",
    "object_id": 20,
    "changes": {},
    "access_level": null,
    "ip_address": null,
    "created_at": "2025-08-05T15:59:16.903Z"
  }
},
{
  "model": "admin_logs.adminactionlog",
  "pk": 222,
  "fields": {
    "user": null,
    "action": "delete",
    "app_label": "staff",
    "model_name": "specialistdocument",
    "object_id": 18,
    "changes": {},
    "access_level": null,
    "ip_address": null,
    "created_at": "2025-08-05T16:01:33.730Z"
  }
},
{
  "model": "admin_logs.adminactionlog",
  "pk": 223,
  "fields": {
    "user": null,
    "action": "create",
    "app_label": "facilities",
    "model_name": "rehabcenter",
    "object_id": 2,
    "changes": {},
    "access_level": null,
    "ip_address": null,
    "created_at": "2025-08-05T17:16:20.991Z"
  }
},
{
  "model": "admin_logs.adminactionlog",
  "pk": 224,
  "fields": {
    "user": null,
    "action": "create",
    "app_label": "facilities",
    "model_name": "facilityimage",
    "object_id": 21,
    "changes": {},
    "access_level": null,
    "ip_address": null,
    "created_at": "2025-08-05T17:16:21.010Z"
  }
},
{
  "model": "admin_logs.adminactionlog",
  "pk": 225,
  "fields": {
    "user": null,
    "action": "create",
    "app_label": "facilities",
    "model_name": "facilityimage",
    "object_id": 22,
    "changes": {},
    "access_level": null,
    "ip_address": null,
    "created_at": "2025-08-05T17:16:21.027Z"
  }
},
{
  "model": "admin_logs.adminactionlog",
  "pk": 226,
  "fields": {
    "user": null,
    "action": "create",
    "app_label": "facilities",
    "model_name": "facilityimage",
    "object_id": 23,
    "changes": {},
    "access_level": null,
    "ip_address": null,
    "created_at": "2025-08-05T17:16:21.043Z"
  }
},
{
  "model": "admin_logs.adminactionlog",
  "pk": 227,
  "fields": {
    "user": null,
    "action": "create",
    "app_label": "facilities",
    "model_name": "facilityimage",
    "object_id": 24,
    "changes": {},
    "access_level": null,
    "ip_address": null,
    "created_at": "2025-08-05T17:16:21.060Z"
  }
},
{
  "model": "admin_logs.adminactionlog",
  "pk": 228,
  "fields": {
    "user": null,
    "action": "create",
    "app_label": "facilities",
    "model_name": "facilityimage",
    "object_id": 25,
    "changes": {},
    "access_level": null,
    "ip_address": null,
    "created_at": "2025-08-05T17:16:21.079Z"
  }
},
{
  "model": "admin_logs.adminactionlog",
  "pk": 229,
  "fields": {
    "user": null,
    "action": "create",
    "app_label": "facilities",
    "model_name": "facilityimage",
    "object_id": 26,
    "changes": {},
    "access_level": null,
    "ip_address": null,
    "created_at": "2025-08-05T17:16:21.106Z"
  }
},
{
  "model": "admin_logs.adminactionlog",
  "pk": 230,
  "fields": {
    "user": null,
    "action": "create",
    "app_label": "facilities",
    "model_name": "facilityimage",
    "object_id": 27,
    "changes": {},
    "access_level": null,
    "ip_address": null,
    "created_at": "2025-08-05T17:16:21.122Z"
  }
},
{
  "model": "admin_logs.adminactionlog",
  "pk": 231,
  "fields": {
    "user": null,
    "action": "create",
    "app_label": "facilities",
    "model_name": "facilityimage",
    "object_id": 28,
    "changes": {},
    "access_level": null,
    "ip_address": null,
    "created_at": "2025-08-05T17:16:21.139Z"
  }
},
{
  "model": "admin_logs.adminactionlog",
  "pk": 232,
  "fields": {
    "user": null,
    "action": "create",
    "app_label": "facilities",
    "model_name": "facilityimage",
    "object_id": 29,
    "changes": {},
    "access_level": null,
    "ip_address": null,
    "created_at": "2025-08-05T17:16:21.154Z"
  }
},
{
  "model": "admin_logs.adminactionlog",
  "pk": 233,
  "fields": {
    "user": null,
    "action": "create",
    "app_label": "facilities",
    "model_name": "facilityimage",
    "object_id": 30,
    "changes": {},
    "access_level": null,
    "ip_address": null,
    "created_at": "2025-08-05T17:16:21.170Z"
  }
},
{
  "model": "admin_logs.adminactionlog",
  "pk": 234,
  "fields": {
    "user": null,
    "action": "create",
    "app_label": "facilities",
    "model_name": "facilitydocument",
    "object_id": 2,
    "changes": {},
    "access_level": null,
    "ip_address": null,
    "created_at": "2025-08-05T17:16:21.185Z"
  }
},
{
  "model": "admin_logs.adminactionlog",
  "pk": 235,
  "fields": {
    "user": null,
    "action": "create",
    "app_label": "facilities",
    "model_name": "facilitydocument",
    "object_id": 3,
    "changes": {},
    "access_level": null,
    "ip_address": null,
    "created_at": "2025-08-05T17:16:21.201Z"
  }
},
{
  "model": "admin_logs.adminactionlog",
  "pk": 236,
  "fields": {
    "user": null,
    "action": "update",
    "app_label": "facilities",
    "model_name": "rehabcenter",
    "object_id": 2,
    "changes": {
      "updated_at": {
        "old": "2025-08-05T17:16:20.984335+00:00",
        "new": "2025-08-05T17:17:45.301221+00:00"
      }
    },
    "access_level": null,
    "ip_address": null,
    "created_at": "2025-08-05T17:17:45.312Z"
  }
},
{
  "model": "admin_logs.adminactionlog",
  "pk": 237,
  "fields": {
    "user": null,
    "action": "update",
    "app_label": "facilities",
    "model_name": "facilityimage",
    "object_id": 26,
    "changes": {
      "updated_at": {
        "old": "2025-08-05T17:16:21.091511+00:00",
        "new": "2025-08-05T17:17:45.319481+00:00"
      },
      "order": {
        "old": 0,
        "new": 10
      }
    },
    "access_level": null,
    "ip_address": null,
    "created_at": "2025-08-05T17:17:45.327Z"
  }
},
{
  "model": "admin_logs.adminactionlog",
  "pk": 238,
  "fields": {
    "user": null,
    "action": "update",
    "app_label": "facilities",
    "model_name": "facilityimage",
    "object_id": 27,
    "changes": {
      "updated_at": {
        "old": "2025-08-05T17:16:21.114316+00:00",
        "new": "2025-08-05T17:17:45.335184+00:00"
      },
      "order": {
        "old": 0,
        "new": 9
      }
    },
    "access_level": null,
    "ip_address": null,
    "created_at": "2025-08-05T17:17:45.342Z"
  }
},
{
  "model": "admin_logs.adminactionlog",
  "pk": 239,
  "fields": {
    "user": null,
    "action": "update",
    "app_label": "facilities",
    "model_name": "facilityimage",
    "object_id": 28,
    "changes": {
      "updated_at": {
        "old": "2025-08-05T17:16:21.129864+00:00",
        "new": "2025-08-05T17:17:45.350211+00:00"
      },
      "order": {
        "old": 0,
        "new": 8
      }
    },
    "access_level": null,
    "ip_address": null,
    "created_at": "2025-08-05T17:17:45.357Z"
  }
},
{
  "model": "admin_logs.adminactionlog",
  "pk": 240,
  "fields": {
    "user": null,
    "action": "update",
    "app_label": "facilities",
    "model_name": "facilityimage",
    "object_id": 29,
    "changes": {
      "updated_at": {
        "old": "2025-08-05T17:16:21.146986+00:00",
        "new": "2025-08-05T17:17:45.365778+00:00"
      },
      "order": {
        "old": 0,
        "new": 7
      }
    },
    "access_level": null,
    "ip_address": null,
    "created_at": "2025-08-05T17:17:45.373Z"
  }
},
{
  "model": "admin_logs.adminactionlog",
  "pk": 241,
  "fields": {
    "user": null,
    "action": "update",
    "app_label": "facilities",
    "model_name": "facilityimage",
    "object_id": 30,
    "changes": {
      "updated_at": {
        "old": "2025-08-05T17:16:21.162104+00:00",
        "new": "2025-08-05T17:17:45.381088+00:00"
      },
      "order": {
        "old": 0,
        "new": 6
      }
    },
    "access_level": null,
    "ip_address": null,
    "created_at": "2025-08-05T17:17:45.388Z"
  }
},
{
  "model": "admin_logs.adminactionlog",
  "pk": 242,
  "fields": {
    "user": null,
    "action": "update",
    "app_label": "facilities",
    "model_name": "facilityimage",
    "object_id": 21,
    "changes": {
      "updated_at": {
        "old": "2025-08-05T17:16:20.999303+00:00",
        "new": "2025-08-05T17:17:45.396765+00:00"
      },
      "is_main": {
        "old": false,
        "new": true
      }
    },
    "access_level": null,
    "ip_address": null,
    "created_at": "2025-08-05T17:17:45.403Z"
  }
},
{
  "model": "admin_logs.adminactionlog",
  "pk": 243,
  "fields": {
    "user": null,
    "action": "update",
    "app_label": "facilities",
    "model_name": "rehabcenter",
    "object_id": 2,
    "changes": {
      "updated_at": {
        "old": "2025-08-05T17:17:45.301221+00:00",
        "new": "2025-08-05T17:49:29.489457+00:00"
      }
    },
    "access_level": null,
    "ip_address": null,
    "created_at": "2025-08-05T17:49:29.500Z"
  }
},
{
  "model": "admin_logs.adminactionlog",
  "pk": 244,
  "fields": {
    "user": null,
    "action": "create",
    "app_label": "facilities",
    "model_name": "facilitydocument",
    "object_id": 4,
    "changes": {},
    "access_level": null,
    "ip_address": null,
    "created_at": "2025-08-05T17:49:29.515Z"
  }
},
{
  "model": "admin_logs.adminactionlog",
  "pk": 245,
  "fields": {
    "user": null,
    "action": "update",
    "app_label": "facilities",
    "model_name": "rehabcenter",
    "object_id": 2,
    "changes": {
      "updated_at": {
        "old": "2025-08-05T17:49:29.489457+00:00",
        "new": "2025-08-05T17:52:30.763739+00:00"
      }
    },
    "access_level": null,
    "ip_address": null,
    "created_at": "2025-08-05T17:52:30.773Z"
  }
},
{
  "model": "admin_logs.adminactionlog",
  "pk": 246,
  "fields": {
    "user": null,
    "action": "create",
    "app_label": "facilities",
    "model_name": "facilitydocument",
    "object_id": 5,
    "changes": {},
    "access_level": null,
    "ip_address": null,
    "created_at": "2025-08-05T17:52:30.788Z"
  }
},
{
  "model": "admin_logs.adminactionlog",
  "pk": 247,
  "fields": {
    "user": null,
    "action": "create",
    "app_label": "facilities",
    "model_name": "facilitydocument",
    "object_id": 6,
    "changes": {},
    "access_level": null,
    "ip_address": null,
    "created_at": "2025-08-05T17:52:30.803Z"
  }
},
{
  "model": "admin_logs.adminactionlog",
  "pk": 248,
  "fields": {
    "user": null,
    "action": "create",
    "app_label": "staff",
    "model_name": "facilityspecialist",
    "object_id": 5,
    "changes": {},
    "access_level": null,
    "ip_address": null,
    "created_at": "2025-08-05T17:55:22.514Z"
  }
},
{
  "model": "admin_logs.adminactionlog",
  "pk": 249,
  "fields": {
    "user": null,
    "action": "update",
    "app_label": "staff",
    "model_name": "facilityspecialist",
    "object_id": 5,
    "changes": {
      "updated_at": {
        "old": "2025-08-05T17:55:22.505792+00:00",
        "new": "2025-08-05T17:55:36.379465+00:00"
      },
      "photo": {
        "old": "",
        "new": "specialists/Цибарт_Евгений.jpg"
      }
    },
    "access_level": null,
    "ip_address": null,
    "created_at": "2025-08-05T17:55:36.398Z"
  }
},
{
  "model": "admin_logs.adminactionlog",
  "pk": 250,
  "fields": {
    "user": null,
    "action": "update",
    "app_label": "staff",
    "model_name": "facilityspecialist",
    "object_id": 5,
    "changes": {
      "updated_at": {
        "old": "2025-08-05T17:55:36.379465+00:00",
        "new": "2025-08-05T17:55:43.772355+00:00"
      }
    },
    "access_level": null,
    "ip_address": null,
    "created_at": "2025-08-05T17:55:43.782Z"
  }
},
{
  "model": "admin_logs.adminactionlog",
  "pk": 251,
  "fields": {
    "user": null,
    "action": "create",
    "app_label": "staff",
    "model_name": "specialization",
    "object_id": 11,
    "changes": {},
    "access_level": null,
    "ip_address": null,
    "created_at": "2025-08-05T17:56:20.798Z"
  }
},
{
  "model": "admin_logs.adminactionlog",
  "pk": 252,
  "fields": {
    "user": null,
    "action": "update",
    "app_label": "staff",
    "model_name": "facilityspecialist",
    "object_id": 5,
    "changes": {
      "updated_at": {
        "old": "2025-08-05T17:55:43.772355+00:00",
        "new": "2025-08-05T17:56:51.487848+00:00"
      }
    },
    "access_level": null,
    "ip_address": null,
    "created_at": "2025-08-05T17:56:51.496Z"
  }
},
{
  "model": "admin_logs.adminactionlog",
  "pk": 253,
  "fields": {
    "user": null,
    "action": "create",
    "app_label": "staff",
    "model_name": "specialistdocument",
    "object_id": 21,
    "changes": {},
    "access_level": null,
    "ip_address": null,
    "created_at": "2025-08-05T17:58:57.174Z"
  }
},
{
  "model": "admin_logs.adminactionlog",
  "pk": 254,
  "fields": {
    "user": null,
    "action": "create",
    "app_label": "staff",
    "model_name": "specialistdocument",
    "object_id": 22,
    "changes": {},
    "access_level": null,
    "ip_address": null,
    "created_at": "2025-08-05T18:00:53.635Z"
  }
},
{
  "model": "admin_logs.adminactionlog",
  "pk": 255,
  "fields": {
    "user": null,
    "action": "create",
    "app_label": "staff",
    "model_name": "specialistdocument",
    "object_id": 23,
    "changes": {},
    "access_level": null,
    "ip_address": null,
    "created_at": "2025-08-05T18:01:13.709Z"
  }
},
{
  "model": "admin_logs.adminactionlog",
  "pk": 256,
  "fields": {
    "user": null,
    "action": "create",
    "app_label": "staff",
    "model_name": "specialistdocument",
    "object_id": 24,
    "changes": {},
    "access_level": null,
    "ip_address": null,
    "created_at": "2025-08-05T18:01:30.668Z"
  }
},
{
  "model": "admin_logs.adminactionlog",
  "pk": 257,
  "fields": {
    "user": null,
    "action": "create",
    "app_label": "staff",
    "model_name": "specialistdocument",
    "object_id": 25,
    "changes": {},
    "access_level": null,
    "ip_address": null,
    "created_at": "2025-08-05T18:01:52.298Z"
  }
},
{
  "model": "admin_logs.adminactionlog",
  "pk": 258,
  "fields": {
    "user": null,
    "action": "create",
    "app_label": "staff",
    "model_name": "specialistdocument",
    "object_id": 26,
    "changes": {},
    "access_level": null,
    "ip_address": null,
    "created_at": "2025-08-05T18:02:06.172Z"
  }
},
{
  "model": "admin_logs.adminactionlog",
  "pk": 259,
  "fields": {
    "user": null,
    "action": "update",
    "app_label": "facilities",
    "model_name": "rehabcenter",
    "object_id": 2,
    "changes": {
      "updated_at": {
        "old": "2025-08-05T17:52:30.763739+00:00",
        "new": "2025-08-05T18:02:51.151450+00:00"
      }
    },
    "access_level": null,
    "ip_address": null,
    "created_at": "2025-08-05T18:02:51.160Z"
  }
},
{
  "model": "admin_logs.adminactionlog",
  "pk": 260,
  "fields": {
    "user": null,
    "action": "update",
    "app_label": "staff",
    "model_name": "facilityspecialist",
    "object_id": 5,
    "changes": {
      "updated_at": {
        "old": "2025-08-05T17:56:51.487848+00:00",
        "new": "2025-08-05T18:02:51.168297+00:00"
      },
      "is_active": {
        "old": false,
        "new": true
      },
      "order": {
        "old": null,
        "new": 1
      }
    },
    "access_level": null,
    "ip_address": null,
    "created_at": "2025-08-05T18:02:51.176Z"
  }
},
{
  "model": "admin_logs.adminactionlog",
  "pk": 261,
  "fields": {
    "user": null,
    "action": "create",
    "app_label": "staff",
    "model_name": "specialization",
    "object_id": 12,
    "changes": {},
    "access_level": null,
    "ip_address": null,
    "created_at": "2025-08-05T18:04:06.042Z"
  }
},
{
  "model": "admin_logs.adminactionlog",
  "pk": 262,
  "fields": {
    "user": null,
    "action": "update",
    "app_label": "staff",
    "model_name": "facilityspecialist",
    "object_id": 5,
    "changes": {
      "updated_at": {
        "old": "2025-08-05T18:02:51.168297+00:00",
        "new": "2025-08-05T18:04:42.707645+00:00"
      },
      "position": {
        "old": "Руководитель",
        "new": "Директор"
      }
    },
    "access_level": null,
    "ip_address": null,
    "created_at": "2025-08-05T18:04:42.716Z"
  }
},
{
  "model": "admin_logs.adminactionlog",
  "pk": 263,
  "fields": {
    "user": null,
    "action": "create",
    "app_label": "staff",
    "model_name": "facilityspecialist",
    "object_id": 6,
    "changes": {},
    "access_level": null,
    "ip_address": null,
    "created_at": "2025-08-05T18:06:40.795Z"
  }
},
{
  "model": "admin_logs.adminactionlog",
  "pk": 264,
  "fields": {
    "user": null,
    "action": "update",
    "app_label": "staff",
    "model_name": "facilityspecialist",
    "object_id": 6,
    "changes": {
      "updated_at": {
        "old": "2025-08-05T18:06:40.786998+00:00",
        "new": "2025-08-05T18:06:55.354995+00:00"
      },
      "photo": {
        "old": "",
        "new": "specialists/Чиженцев_Дмитрий.jpg"
      }
    },
    "access_level": null,
    "ip_address": null,
    "created_at": "2025-08-05T18:06:55.367Z"
  }
},
{
  "model": "admin_logs.adminactionlog",
  "pk": 265,
  "fields": {
    "user": null,
    "action": "update",
    "app_label": "staff",
    "model_name": "facilityspecialist",
    "object_id": 6,
    "changes": {
      "updated_at": {
        "old": "2025-08-05T18:06:55.354995+00:00",
        "new": "2025-08-05T18:07:05.175014+00:00"
      }
    },
    "access_level": null,
    "ip_address": null,
    "created_at": "2025-08-05T18:07:05.183Z"
  }
},
{
  "model": "admin_logs.adminactionlog",
  "pk": 266,
  "fields": {
    "user": null,
    "action": "create",
    "app_label": "staff",
    "model_name": "specialistdocument",
    "object_id": 27,
    "changes": {},
    "access_level": null,
    "ip_address": null,
    "created_at": "2025-08-05T18:09:28.192Z"
  }
},
{
  "model": "admin_logs.adminactionlog",
  "pk": 267,
  "fields": {
    "user": null,
    "action": "create",
    "app_label": "staff",
    "model_name": "specialistdocument",
    "object_id": 28,
    "changes": {},
    "access_level": null,
    "ip_address": null,
    "created_at": "2025-08-05T18:09:43.162Z"
  }
},
{
  "model": "admin_logs.adminactionlog",
  "pk": 268,
  "fields": {
    "user": null,
    "action": "create",
    "app_label": "staff",
    "model_name": "specialistdocument",
    "object_id": 29,
    "changes": {},
    "access_level": null,
    "ip_address": null,
    "created_at": "2025-08-05T18:10:03.907Z"
  }
},
{
  "model": "admin_logs.adminactionlog",
  "pk": 269,
  "fields": {
    "user": null,
    "action": "create",
    "app_label": "staff",
    "model_name": "specialistdocument",
    "object_id": 30,
    "changes": {},
    "access_level": null,
    "ip_address": null,
    "created_at": "2025-08-05T18:10:19.298Z"
  }
},
{
  "model": "admin_logs.adminactionlog",
  "pk": 270,
  "fields": {
    "user": null,
    "action": "create",
    "app_label": "staff",
    "model_name": "facilityspecialist",
    "object_id": 7,
    "changes": {},
    "access_level": null,
    "ip_address": null,
    "created_at": "2025-08-05T18:12:26.695Z"
  }
},
{
  "model": "admin_logs.adminactionlog",
  "pk": 271,
  "fields": {
    "user": null,
    "action": "update",
    "app_label": "staff",
    "model_name": "facilityspecialist",
    "object_id": 7,
    "changes": {
      "updated_at": {
        "old": "2025-08-05T18:12:26.688029+00:00",
        "new": "2025-08-05T18:12:36.183971+00:00"
      },
      "photo": {
        "old": "",
        "new": "specialists/Куянцева_Вера.jpg"
      }
    },
    "access_level": null,
    "ip_address": null,
    "created_at": "2025-08-05T18:12:36.195Z"
  }
},
{
  "model": "admin_logs.adminactionlog",
  "pk": 272,
  "fields": {
    "user": null,
    "action": "update",
    "app_label": "staff",
    "model_name": "facilityspecialist",
    "object_id": 7,
    "changes": {
      "updated_at": {
        "old": "2025-08-05T18:12:36.183971+00:00",
        "new": "2025-08-05T18:12:40.424514+00:00"
      }
    },
    "access_level": null,
    "ip_address": null,
    "created_at": "2025-08-05T18:12:40.433Z"
  }
},
{
  "model": "admin_logs.adminactionlog",
  "pk": 273,
  "fields": {
    "user": null,
    "action": "create",
    "app_label": "staff",
    "model_name": "specialization",
    "object_id": 13,
    "changes": {},
    "access_level": null,
    "ip_address": null,
    "created_at": "2025-08-05T18:13:06.312Z"
  }
},
{
  "model": "admin_logs.adminactionlog",
  "pk": 274,
  "fields": {
    "user": null,
    "action": "update",
    "app_label": "staff",
    "model_name": "facilityspecialist",
    "object_id": 7,
    "changes": {
      "updated_at": {
        "old": "2025-08-05T18:12:40.424514+00:00",
        "new": "2025-08-05T18:13:46.118919+00:00"
      },
      "position": {
        "old": "Руководитель терапии",
        "new": "Главный бухгалтер"
      }
    },
    "access_level": null,
    "ip_address": null,
    "created_at": "2025-08-05T18:13:46.127Z"
  }
},
{
  "model": "admin_logs.adminactionlog",
  "pk": 275,
  "fields": {
    "user": null,
    "action": "create",
    "app_label": "staff",
    "model_name": "facilityspecialist",
    "object_id": 8,
    "changes": {},
    "access_level": null,
    "ip_address": null,
    "created_at": "2025-08-05T18:15:10.335Z"
  }
},
{
  "model": "admin_logs.adminactionlog",
  "pk": 276,
  "fields": {
    "user": null,
    "action": "update",
    "app_label": "staff",
    "model_name": "facilityspecialist",
    "object_id": 8,
    "changes": {
      "updated_at": {
        "old": "2025-08-05T18:15:10.327817+00:00",
        "new": "2025-08-05T18:15:23.680178+00:00"
      },
      "photo": {
        "old": "",
        "new": "specialists/Ильченко_Кирилл.jpg"
      }
    },
    "access_level": null,
    "ip_address": null,
    "created_at": "2025-08-05T18:15:23.692Z"
  }
},
{
  "model": "admin_logs.adminactionlog",
  "pk": 277,
  "fields": {
    "user": null,
    "action": "update",
    "app_label": "staff",
    "model_name": "facilityspecialist",
    "object_id": 8,
    "changes": {
      "updated_at": {
        "old": "2025-08-05T18:15:23.680178+00:00",
        "new": "2025-08-05T18:15:27.274262+00:00"
      }
    },
    "access_level": null,
    "ip_address": null,
    "created_at": "2025-08-05T18:15:27.282Z"
  }
},
{
  "model": "admin_logs.adminactionlog",
  "pk": 278,
  "fields": {
    "user": null,
    "action": "create",
    "app_label": "staff",
    "model_name": "specialistdocument",
    "object_id": 31,
    "changes": {},
    "access_level": null,
    "ip_address": null,
    "created_at": "2025-08-05T18:17:56.027Z"
  }
},
{
  "model": "admin_logs.adminactionlog",
  "pk": 279,
  "fields": {
    "user": null,
    "action": "create",
    "app_label": "staff",
    "model_name": "specialistdocument",
    "object_id": 32,
    "changes": {},
    "access_level": null,
    "ip_address": null,
    "created_at": "2025-08-05T18:18:15.346Z"
  }
},
{
  "model": "admin_logs.adminactionlog",
  "pk": 280,
  "fields": {
    "user": null,
    "action": "create",
    "app_label": "staff",
    "model_name": "specialistdocument",
    "object_id": 33,
    "changes": {},
    "access_level": null,
    "ip_address": null,
    "created_at": "2025-08-05T18:18:29.674Z"
  }
},
{
  "model": "admin_logs.adminactionlog",
  "pk": 281,
  "fields": {
    "user": null,
    "action": "create",
    "app_label": "staff",
    "model_name": "specialistdocument",
    "object_id": 34,
    "changes": {},
    "access_level": null,
    "ip_address": null,
    "created_at": "2025-08-05T18:18:42.306Z"
  }
},
{
  "model": "admin_logs.adminactionlog",
  "pk": 282,
  "fields": {
    "user": null,
    "action": "update",
    "app_label": "staff",
    "model_name": "specialistdocument",
    "object_id": 30,
    "changes": {
      "updated_at": {
        "old": "2025-08-05T18:10:19.290123+00:00",
        "new": "2025-08-05T18:21:40.141190+00:00"
      },
      "document": {
        "old": "specialists/documents/image_oXvTWs6.jfif",
        "new": "specialists/documents/image_1_vGObfv6.jfif"
      }
    },
    "access_level": null,
    "ip_address": null,
    "created_at": "2025-08-05T18:21:40.150Z"
  }
},
{
  "model": "admin_logs.adminactionlog",
  "pk": 283,
  "fields": {
    "user": null,
    "action": "update",
    "app_label": "staff",
    "model_name": "specialistdocument",
    "object_id": 29,
    "changes": {
      "updated_at": {
        "old": "2025-08-05T18:10:03.899159+00:00",
        "new": "2025-08-05T18:21:48.804180+00:00"
      },
      "document": {
        "old": "specialists/documents/image_3_gWNVXj1.jfif",
        "new": "specialists/documents/image_2_TDNwAmx.jfif"
      }
    },
    "access_level": null,
    "ip_address": null,
    "created_at": "2025-08-05T18:21:48.813Z"
  }
},
{
  "model": "admin_logs.adminactionlog",
  "pk": 284,
  "fields": {
    "user": null,
    "action": "update",
    "app_label": "staff",
    "model_name": "specialistdocument",
    "object_id": 28,
    "changes": {
      "updated_at": {
        "old": "2025-08-05T18:09:43.154184+00:00",
        "new": "2025-08-05T18:21:56.494475+00:00"
      },
      "document": {
        "old": "specialists/documents/image_2_iKHlIcR.jfif",
        "new": "specialists/documents/image_4_V91If6h.jfif"
      }
    },
    "access_level": null,
    "ip_address": null,
    "created_at": "2025-08-05T18:21:56.503Z"
  }
},
{
  "model": "admin_logs.adminactionlog",
  "pk": 285,
  "fields": {
    "user": null,
    "action": "update",
    "app_label": "staff",
    "model_name": "specialistdocument",
    "object_id": 27,
    "changes": {
      "updated_at": {
        "old": "2025-08-05T18:09:28.185481+00:00",
        "new": "2025-08-05T18:22:04.051643+00:00"
      },
      "document": {
        "old": "specialists/documents/image_1.jfif",
        "new": "specialists/documents/image_JLVhuyl.jfif"
      }
    },
    "access_level": null,
    "ip_address": null,
    "created_at": "2025-08-05T18:22:04.060Z"
  }
},
{
  "model": "admin_logs.adminactionlog",
  "pk": 286,
  "fields": {
    "user": null,
    "action": "delete",
    "app_label": "staff",
    "model_name": "specialistdocument",
    "object_id": 30,
    "changes": {},
    "access_level": null,
    "ip_address": null,
    "created_at": "2025-08-05T18:23:10.836Z"
  }
},
{
  "model": "admin_logs.adminactionlog",
  "pk": 287,
  "fields": {
    "user": null,
    "action": "delete",
    "app_label": "staff",
    "model_name": "specialistdocument",
    "object_id": 29,
    "changes": {},
    "access_level": null,
    "ip_address": null,
    "created_at": "2025-08-05T18:23:10.851Z"
  }
},
{
  "model": "admin_logs.adminactionlog",
  "pk": 288,
  "fields": {
    "user": null,
    "action": "delete",
    "app_label": "staff",
    "model_name": "specialistdocument",
    "object_id": 28,
    "changes": {},
    "access_level": null,
    "ip_address": null,
    "created_at": "2025-08-05T18:23:10.866Z"
  }
},
{
  "model": "admin_logs.adminactionlog",
  "pk": 289,
  "fields": {
    "user": null,
    "action": "delete",
    "app_label": "staff",
    "model_name": "specialistdocument",
    "object_id": 27,
    "changes": {},
    "access_level": null,
    "ip_address": null,
    "created_at": "2025-08-05T18:23:10.878Z"
  }
},
{
  "model": "admin_logs.adminactionlog",
  "pk": 290,
  "fields": {
    "user": null,
    "action": "create",
    "app_label": "staff",
    "model_name": "specialistdocument",
    "object_id": 35,
    "changes": {},
    "access_level": null,
    "ip_address": null,
    "created_at": "2025-08-05T18:26:52.915Z"
  }
},
{
  "model": "admin_logs.adminactionlog",
  "pk": 291,
  "fields": {
    "user": null,
    "action": "create",
    "app_label": "staff",
    "model_name": "specialistdocument",
    "object_id": 36,
    "changes": {},
    "access_level": null,
    "ip_address": null,
    "created_at": "2025-08-05T18:27:06.101Z"
  }
},
{
  "model": "admin_logs.adminactionlog",
  "pk": 292,
  "fields": {
    "user": null,
    "action": "create",
    "app_label": "staff",
    "model_name": "specialistdocument",
    "object_id": 37,
    "changes": {},
    "access_level": null,
    "ip_address": null,
    "created_at": "2025-08-05T18:27:20.266Z"
  }
},
{
  "model": "admin_logs.adminactionlog",
  "pk": 293,
  "fields": {
    "user": null,
    "action": "create",
    "app_label": "staff",
    "model_name": "specialistdocument",
    "object_id": 38,
    "changes": {},
    "access_level": null,
    "ip_address": null,
    "created_at": "2025-08-05T18:28:03.625Z"
  }
},
{
  "model": "admin_logs.adminactionlog",
  "pk": 294,
  "fields": {
    "user": null,
    "action": "create",
    "app_label": "staff",
    "model_name": "specialistdocument",
    "object_id": 39,
    "changes": {},
    "access_level": null,
    "ip_address": null,
    "created_at": "2025-08-05T18:28:15.932Z"
  }
},
{
  "model": "admin_logs.adminactionlog",
  "pk": 295,
  "fields": {
    "user": null,
    "action": "create",
    "app_label": "staff",
    "model_name": "specialization",
    "object_id": 14,
    "changes": {},
    "access_level": null,
    "ip_address": null,
    "created_at": "2025-08-05T18:29:52.521Z"
  }
},
{
  "model": "admin_logs.adminactionlog",
  "pk": 296,
  "fields": {
    "user": null,
    "action": "create",
    "app_label": "staff",
    "model_name": "facilityspecialist",
    "object_id": 9,
    "changes": {},
    "access_level": null,
    "ip_address": null,
    "created_at": "2025-08-05T18:32:12.713Z"
  }
},
{
  "model": "admin_logs.adminactionlog",
  "pk": 297,
  "fields": {
    "user": null,
    "action": "update",
    "app_label": "staff",
    "model_name": "facilityspecialist",
    "object_id": 9,
    "changes": {
      "updated_at": {
        "old": "2025-08-05T18:32:12.705705+00:00",
        "new": "2025-08-05T18:32:24.394278+00:00"
      },
      "photo": {
        "old": "",
        "new": "specialists/Фотеев_Виталий.jpg"
      }
    },
    "access_level": null,
    "ip_address": null,
    "created_at": "2025-08-05T18:32:24.405Z"
  }
},
{
  "model": "admin_logs.adminactionlog",
  "pk": 298,
  "fields": {
    "user": null,
    "action": "update",
    "app_label": "staff",
    "model_name": "facilityspecialist",
    "object_id": 9,
    "changes": {
      "updated_at": {
        "old": "2025-08-05T18:32:24.394278+00:00",
        "new": "2025-08-05T18:32:32.561833+00:00"
      }
    },
    "access_level": null,
    "ip_address": null,
    "created_at": "2025-08-05T18:32:32.570Z"
  }
},
{
  "model": "admin_logs.adminactionlog",
  "pk": 299,
  "fields": {
    "user": null,
    "action": "create",
    "app_label": "staff",
    "model_name": "specialistdocument",
    "object_id": 40,
    "changes": {},
    "access_level": null,
    "ip_address": null,
    "created_at": "2025-08-05T18:33:27.023Z"
  }
},
{
  "model": "admin_logs.adminactionlog",
  "pk": 300,
  "fields": {
    "user": null,
    "action": "update",
    "app_label": "staff",
    "model_name": "facilityspecialist",
    "object_id": 9,
    "changes": {
      "updated_at": {
        "old": "2025-08-05T18:32:32.561833+00:00",
        "new": "2025-08-05T18:34:28.162060+00:00"
      }
    },
    "access_level": null,
    "ip_address": null,
    "created_at": "2025-08-05T18:34:28.171Z"
  }
},
{
  "model": "admin_logs.adminactionlog",
  "pk": 301,
  "fields": {
    "user": null,
    "action": "create",
    "app_label": "staff",
    "model_name": "facilityspecialist",
    "object_id": 10,
    "changes": {},
    "access_level": null,
    "ip_address": null,
    "created_at": "2025-08-05T18:36:16.026Z"
  }
},
{
  "model": "admin_logs.adminactionlog",
  "pk": 302,
  "fields": {
    "user": null,
    "action": "create",
    "app_label": "staff",
    "model_name": "specialization",
    "object_id": 15,
    "changes": {},
    "access_level": null,
    "ip_address": null,
    "created_at": "2025-08-05T18:36:46.845Z"
  }
},
{
  "model": "admin_logs.adminactionlog",
  "pk": 303,
  "fields": {
    "user": null,
    "action": "update",
    "app_label": "staff",
    "model_name": "facilityspecialist",
    "object_id": 10,
    "changes": {
      "updated_at": {
        "old": "2025-08-05T18:36:16.018550+00:00",
        "new": "2025-08-05T18:37:21.521629+00:00"
      },
      "photo": {
        "old": "",
        "new": "specialists/Мнацаканян_Гагик.jpg"
      }
    },
    "access_level": null,
    "ip_address": null,
    "created_at": "2025-08-05T18:37:21.533Z"
  }
},
{
  "model": "admin_logs.adminactionlog",
  "pk": 304,
  "fields": {
    "user": null,
    "action": "update",
    "app_label": "staff",
    "model_name": "facilityspecialist",
    "object_id": 10,
    "changes": {
      "updated_at": {
        "old": "2025-08-05T18:37:21.521629+00:00",
        "new": "2025-08-05T18:37:25.687709+00:00"
      }
    },
    "access_level": null,
    "ip_address": null,
    "created_at": "2025-08-05T18:37:25.695Z"
  }
},
{
  "model": "admin_logs.adminactionlog",
  "pk": 305,
  "fields": {
    "user": null,
    "action": "create",
    "app_label": "staff",
    "model_name": "facilityspecialist",
    "object_id": 11,
    "changes": {},
    "access_level": null,
    "ip_address": null,
    "created_at": "2025-08-05T18:38:25.262Z"
  }
},
{
  "model": "admin_logs.adminactionlog",
  "pk": 306,
  "fields": {
    "user": null,
    "action": "update",
    "app_label": "staff",
    "model_name": "facilityspecialist",
    "object_id": 11,
    "changes": {
      "updated_at": {
        "old": "2025-08-05T18:38:25.255410+00:00",
        "new": "2025-08-05T18:38:36.794640+00:00"
      },
      "photo": {
        "old": "",
        "new": "specialists/Варчак_Михаил.jpg"
      }
    },
    "access_level": null,
    "ip_address": null,
    "created_at": "2025-08-05T18:38:36.806Z"
  }
},
{
  "model": "admin_logs.adminactionlog",
  "pk": 307,
  "fields": {
    "user": null,
    "action": "update",
    "app_label": "staff",
    "model_name": "facilityspecialist",
    "object_id": 11,
    "changes": {
      "updated_at": {
        "old": "2025-08-05T18:38:36.794640+00:00",
        "new": "2025-08-05T18:38:41.664249+00:00"
      }
    },
    "access_level": null,
    "ip_address": null,
    "created_at": "2025-08-05T18:38:41.672Z"
  }
},
{
  "model": "admin_logs.adminactionlog",
  "pk": 308,
  "fields": {
    "user": null,
    "action": "create",
    "app_label": "staff",
    "model_name": "specialization",
    "object_id": 16,
    "changes": {},
    "access_level": null,
    "ip_address": null,
    "created_at": "2025-08-05T18:39:43.489Z"
  }
},
{
  "model": "admin_logs.adminactionlog",
  "pk": 309,
  "fields": {
    "user": null,
    "action": "delete",
    "app_label": "staff",
    "model_name": "specialization",
    "object_id": 10,
    "changes": {},
    "access_level": null,
    "ip_address": null,
    "created_at": "2025-08-05T18:40:06.828Z"
  }
},
{
  "model": "admin_logs.adminactionlog",
  "pk": 310,
  "fields": {
    "user": null,
    "action": "create",
    "app_label": "staff",
    "model_name": "facilityspecialist",
    "object_id": 12,
    "changes": {},
    "access_level": null,
    "ip_address": null,
    "created_at": "2025-08-05T18:41:08.810Z"
  }
},
{
  "model": "admin_logs.adminactionlog",
  "pk": 311,
  "fields": {
    "user": null,
    "action": "update",
    "app_label": "staff",
    "model_name": "facilityspecialist",
    "object_id": 12,
    "changes": {
      "updated_at": {
        "old": "2025-08-05T18:41:08.802603+00:00",
        "new": "2025-08-05T18:41:15.884235+00:00"
      },
      "photo": {
        "old": "",
        "new": "specialists/Игнатенко_Артем.jpg"
      }
    },
    "access_level": null,
    "ip_address": null,
    "created_at": "2025-08-05T18:41:15.896Z"
  }
},
{
  "model": "admin_logs.adminactionlog",
  "pk": 312,
  "fields": {
    "user": null,
    "action": "update",
    "app_label": "staff",
    "model_name": "facilityspecialist",
    "object_id": 12,
    "changes": {
      "updated_at": {
        "old": "2025-08-05T18:41:15.884235+00:00",
        "new": "2025-08-05T18:41:18.850543+00:00"
      }
    },
    "access_level": null,
    "ip_address": null,
    "created_at": "2025-08-05T18:41:18.858Z"
  }
},
{
  "model": "admin_logs.adminactionlog",
  "pk": 313,
  "fields": {
    "user": null,
    "action": "update",
    "app_label": "staff",
    "model_name": "facilityspecialist",
    "object_id": 1,
    "changes": {
      "updated_at": {
        "old": "2025-08-05T14:12:51.672394+00:00",
        "new": "2025-08-05T18:45:55.222474+00:00"
      },
      "position": {
        "old": "Руководитель терапии",
        "new": "Руководитель терапии."
      }
    },
    "access_level": null,
    "ip_address": null,
    "created_at": "2025-08-05T18:45:55.231Z"
  }
},
{
  "model": "admin_logs.adminactionlog",
  "pk": 314,
  "fields": {
    "user": null,
    "action": "update",
    "app_label": "staff",
    "model_name": "facilityspecialist",
    "object_id": 1,
    "changes": {
      "updated_at": {
        "old": "2025-08-05T18:45:55.222474+00:00",
        "new": "2025-08-05T18:46:14.485729+00:00"
      },
      "position": {
        "old": "Руководитель терапии.",
        "new": "Руководитель терапии.Психолог, специалист в области краткосрочной психотерапии, действительный член"
      }
    },
    "access_level": null,
    "ip_address": null,
    "created_at": "2025-08-05T18:46:14.494Z"
  }
},
{
  "model": "admin_logs.adminactionlog",
  "pk": 315,
  "fields": {
    "user": null,
    "action": "update",
    "app_label": "staff",
    "model_name": "facilityspecialist",
    "object_id": 1,
    "changes": {
      "updated_at": {
        "old": "2025-08-05T18:46:14.485729+00:00",
        "new": "2025-08-05T18:46:46.678077+00:00"
      },
      "position": {
        "old": "Руководитель терапии.Психолог, специалист в области краткосрочной психотерапии, действительный член",
        "new": "Руководитель терапии"
      }
    },
    "access_level": null,
    "ip_address": null,
    "created_at": "2025-08-05T18:46:46.687Z"
  }
}
]
